dataset,seed,model,w_source,gamma,normalise,bucket,n_users,NDCG@10,Recall@10,HitRate@10,NDCG@20,Recall@20,HitRate@20
ml-1m,0,EASE,,0.0,,overall,6008,0.36335613906888853,0.22513923250602305,0.8856524633821571,0.365349054583525,0.3316665455941842,0.9375832223701731
ml-1m,0,EASE,,0.0,,q1,5945,0.38252110455244315,0.2876387189881096,0.888309503784693,0.39968237328814027,0.41903344037096796,0.9384356602186712
ml-1m,0,EASE,,0.0,,q2,4408,0.012626192907159342,0.022839371364254565,0.05603448275862069,0.02414023651256659,0.05792954937917536,0.1338475499092559
ml-1m,0,EASE,,0.0,,q3,2895,0.0013700256733331871,0.0024179620034542313,0.0037996545768566492,0.003034474686236767,0.008136235286494355,0.014162348877374784
ml-1m,0,EASE,,0.0,,q4,1659,0.0005394803352284801,0.0009041591320072332,0.0012055455093429777,0.0005394803352284801,0.0009041591320072332,0.0012055455093429777
ml-1m,0,EASE,,0.0,,q5,693,0.0,0.0,0.0,0.0,0.0,0.0
ml-1m,0,Lap-EASE,rp3beta,1.0,sym,overall,6008,0.3680365762494111,0.2271523194487268,0.8859853528628495,0.3691230156677118,0.33374923721535316,0.9374167776298269
ml-1m,0,Lap-EASE,rp3beta,1.0,sym,q1,5945,0.3880485476401606,0.2910188742683389,0.8888141295206056,0.4049345268730694,0.4237641424037648,0.9399495374264087
ml-1m,0,Lap-EASE,rp3beta,1.0,sym,q2,4408,0.011331893563731155,0.021090090570666242,0.049682395644283124,0.021565782569692556,0.05248347081870405,0.11819419237749547
ml-1m,0,Lap-EASE,rp3beta,1.0,sym,q3,2895,0.001263295306715801,0.002216465169833045,0.0031088082901554403,0.002413760991682789,0.005948555378607192,0.011053540587219343
ml-1m,0,Lap-EASE,rp3beta,1.0,sym,q4,1659,0.0005232835842921964,0.0009041591320072332,0.0012055455093429777,0.0005232835842921964,0.0009041591320072332,0.0012055455093429777
ml-1m,0,Lap-EASE,rp3beta,1.0,sym,q5,693,0.0,0.0,0.0,0.0,0.0,0.0
ml-1m,0,GS-EASE,rp3beta,1.0,sym,overall,6008,0.3680161758303617,0.22716341576474985,0.8859853528628495,0.3691379937364299,0.33391816620555526,0.9375832223701731
ml-1m,0,GS-EASE,rp3beta,1.0,sym,q1,5945,0.38802458034619586,0.29103289164989204,0.8888141295206056,0.40494665713061756,0.4239363559485603,0.9401177460050463
ml-1m,0,GS-EASE,rp3beta,1.0,sym,q2,4408,0.011331893563731155,0.021090090570666242,0.049682395644283124,0.021565888205207655,0.05248347081870405,0.11819419237749547
ml-1m,0,GS-EASE,rp3beta,1.0,sym,q3,2895,0.001263295306715801,0.002216465169833045,0.0031088082901554403,0.002413760991682789,0.005948555378607192,0.011053540587219343
ml-1m,0,GS-EASE,rp3beta,1.0,sym,q4,1659,0.0005232835842921964,0.0009041591320072332,0.0012055455093429777,0.0005232835842921964,0.0009041591320072332,0.0012055455093429777
ml-1m,0,GS-EASE,rp3beta,1.0,sym,q5,693,0.0,0.0,0.0,0.0,0.0,0.0
ml-1m,0,Lap-EASE,rp3beta,3.0,sym,overall,6008,0.36942735862780124,0.22664020263107287,0.8831557922769641,0.3700783452858833,0.3335787262332323,0.9357523302263648
ml-1m,0,Lap-EASE,rp3beta,3.0,sym,q1,5945,0.38998416433912203,0.2908112556292809,0.8866274179983179,0.40705878667232326,0.4251003179401777,0.9392767031118587
ml-1m,0,Lap-EASE,rp3beta,3.0,sym,q2,4408,0.009447831862045952,0.017504693430221176,0.04128856624319419,0.01845612491136609,0.0458465283332625,0.10004537205081669
ml-1m,0,Lap-EASE,rp3beta,3.0,sym,q3,2895,0.00112729665543247,0.0021301093839953943,0.002763385146804836,0.0019592997889879703,0.004794528058776763,0.008981001727115717
ml-1m,0,Lap-EASE,rp3beta,3.0,sym,q4,1659,0.00038279623608310985,0.0009041591320072332,0.0012055455093429777,0.00038279623608310985,0.0009041591320072332,0.0012055455093429777
ml-1m,0,Lap-EASE,rp3beta,3.0,sym,q5,693,0.0,0.0,0.0,0.0,0.0,0.0
ml-1m,0,GS-EASE,rp3beta,3.0,sym,overall,6008,0.369414156496571,0.22659780213798425,0.8829893475366178,0.3701052084937828,0.333641809856777,0.935918774966711
ml-1m,0,GS-EASE,rp3beta,3.0,sym,q1,5945,0.3899717881452875,0.2907655333604073,0.8864592094196804,0.4070607558412554,0.42509146485709154,0.9392767031118587
ml-1m,0,GS-EASE,rp3beta,3.0,sym,q2,4408,0.009447831862045952,0.017504693430221176,0.04128856624319419,0.01852956036048272,0.046111198629693234,0.10049909255898366
ml-1m,0,GS-EASE,rp3beta,3.0,sym,q3,2895,0.00112729665543247,0.0021301093839953943,0.002763385146804836,0.0019598054930771405,0.004794528058776763,0.008981001727115717
ml-1m,0,GS-EASE,rp3beta,3.0,sym,q4,1659,0.00038279623608310985,0.0009041591320072332,0.0012055455093429777,0.00038279623608310985,0.0009041591320072332,0.0012055455093429777
ml-1m,0,GS-EASE,rp3beta,3.0,sym,q5,693,0.0,0.0,0.0,0.0,0.0,0.0
ml-1m,0,Lap-EASE,rp3beta,10.0,sym,overall,6008,0.36585268365298707,0.2215880039791899,0.878994673768309,0.3650218603274392,0.3258685639182625,0.9320905459387483
ml-1m,0,Lap-EASE,rp3beta,10.0,sym,q1,5945,0.38752053307684536,0.28611849196990163,0.8847771236333053,0.40388542781449704,0.4197111825081479,0.9372582001682086
ml-1m,0,Lap-EASE,rp3beta,10.0,sym,q2,4408,0.0063177234398592175,0.01173654994738133,0.02722323049001815,0.012508062670091703,0.031076504061359783,0.06442831215970962
ml-1m,0,Lap-EASE,rp3beta,10.0,sym,q3,2895,0.0007746851891670414,0.0013241220495106504,0.002072538860103627,0.0010707684080473842,0.002219754914055432,0.004145077720207254
ml-1m,0,Lap-EASE,rp3beta,10.0,sym,q4,1659,0.00025960009528233456,0.0006027727546714888,0.0006027727546714888,0.0003482320064736607,0.0009041591320072332,0.0012055455093429777
ml-1m,0,Lap-EASE,rp3beta,10.0,sym,q5,693,0.0,0.0,0.0,0.0,0.0,0.0
ml-1m,0,GS-EASE,rp3beta,10.0,sym,overall,6008,0.365901251031651,0.2216018966261894,0.878994673768309,0.3650856659320112,0.32598919401264276,0.9322569906790945
ml-1m,0,GS-EASE,rp3beta,10.0,sym,q1,5945,0.3875966263398681,0.2861407760123707,0.8847771236333053,0.40398687960084223,0.41983726083180123,0.9374264087468461
ml-1m,0,GS-EASE,rp3beta,10.0,sym,q2,4408,0.00630524823089258,0.011761756642279495,0.02722323049001815,0.012488296772861212,0.031076504061359783,0.06442831215970962
ml-1m,0,GS-EASE,rp3beta,10.0,sym,q3,2895,0.0007746851891670414,0.0013241220495106504,0.002072538860103627,0.0010707684080473842,0.002219754914055432,0.004145077720207254
ml-1m,0,GS-EASE,rp3beta,10.0,sym,q4,1659,0.00025960009528233456,0.0006027727546714888,0.0006027727546714888,0.0003482320064736607,0.0009041591320072332,0.0012055455093429777
ml-1m,0,GS-EASE,rp3beta,10.0,sym,q5,693,0.0,0.0,0.0,0.0,0.0,0.0
ml-1m,0,Lap-EASE,p3alpha,1.0,sym,overall,6008,0.36774195345351063,0.22712881502632923,0.8859853528628495,0.3688110909052528,0.3336405635206507,0.9374167776298269
ml-1m,0,Lap-EASE,p3alpha,1.0,sym,q1,5945,0.3879105037517486,0.29100109214763553,0.8888141295206056,0.40487324778029105,0.4238330189993857,0.9401177460050463
ml-1m,0,Lap-EASE,p3alpha,1.0,sym,q2,4408,0.011027215724256405,0.0209110142379388,0.04900181488203267,0.02097868709937722,0.05139508411063872,0.11547186932849365
ml-1m,0,Lap-EASE,p3alpha,1.0,sym,q3,2895,0.0012321588678132552,0.002216465169833045,0.0031088082901554403,0.0023791987927122963,0.005948555378607192,0.011053540587219343
ml-1m,0,Lap-EASE,p3alpha,1.0,sym,q4,1659,0.00043303642966736845,0.0009041591320072332,0.0012055455093429777,0.00043303642966736845,0.0009041591320072332,0.0012055455093429777
ml-1m,0,Lap-EASE,p3alpha,1.0,sym,q5,693,0.0,0.0,0.0,0.0,0.0,0.0
ml-1m,0,GS-EASE,p3alpha,1.0,sym,overall,6008,0.3676284276751593,0.22687940577481389,0.8859853528628495,0.36889564250821755,0.33369072531774374,0.9375832223701731
ml-1m,0,GS-EASE,p3alpha,1.0,sym,q1,5945,0.3877014472515977,0.29071250082599703,0.8888141295206056,0.40480390365088265,0.4237297347779276,0.9401177460050463
ml-1m,0,GS-EASE,p3alpha,1.0,sym,q2,4408,0.011206293603753942,0.02100013790918588,0.04945553539019964,0.0213486842661103,0.05223123072064774,0.11660617059891107
ml-1m,0,GS-EASE,p3alpha,1.0,sym,q3,2895,0.0012321588678132552,0.002216465169833045,0.0031088082901554403,0.0024094292113285803,0.006034911164444843,0.011398963730569948
ml-1m,0,GS-EASE,p3alpha,1.0,sym,q4,1659,0.00043303642966736845,0.0009041591320072332,0.0012055455093429777,0.00043303642966736845,0.0009041591320072332,0.0012055455093429777
ml-1m,0,GS-EASE,p3alpha,1.0,sym,q5,693,0.0,0.0,0.0,0.0,0.0,0.0
ml-1m,0,Lap-EASE,p3alpha,3.0,sym,overall,6008,0.36950077117223756,0.22652096586129764,0.8834886817576565,0.369944517911907,0.33333289895223206,0.9364181091877497
ml-1m,0,Lap-EASE,p3alpha,3.0,sym,q1,5945,0.3903065566865549,0.29087639747366706,0.8871320437342305,0.40748466939724115,0.4256328110322373,0.9402859545836838
ml-1m,0,Lap-EASE,p3alpha,3.0,sym,q2,4408,0.009038646595169342,0.017240919609797435,0.03901996370235935,0.01734883035693133,0.043322713443001676,0.09233212341197822
ml-1m,0,Lap-EASE,p3alpha,3.0,sym,q3,2895,0.0010183277860764325,0.0017846862406447896,0.0024179620034542313,0.001805656402689571,0.004408805548701922,0.008290155440414507
ml-1m,0,Lap-EASE,p3alpha,3.0,sym,q4,1659,0.000366435108413165,0.0009041591320072332,0.0012055455093429777,0.000366435108413165,0.0009041591320072332,0.0012055455093429777
ml-1m,0,Lap-EASE,p3alpha,3.0,sym,q5,693,0.0,0.0,0.0,0.0,0.0,0.0
ml-1m,0,GS-EASE,p3alpha,3.0,sym,overall,6008,0.36978565696582183,0.2267317653978994,0.883988015978695,0.3705029787454482,0.3340061453483383,0.9372503328894807
ml-1m,0,GS-EASE,p3alpha,3.0,sym,q1,5945,0.39057789998514775,0.2911558669965559,0.887636669470143,0.40794997189141924,0.42621055219501214,0.9406223717409588
ml-1m,0,GS-EASE,p3alpha,3.0,sym,q2,4408,0.00924216058381775,0.017530160767913364,0.0397005444646098,0.017913616416083734,0.044890495728329594,0.09482758620689655
ml-1m,0,GS-EASE,p3alpha,3.0,sym,q3,2895,0.001057307109513025,0.0018710420264824409,0.002763385146804836,0.0018398373666833466,0.004477890177372043,0.008290155440414507
ml-1m,0,GS-EASE,p3alpha,3.0,sym,q4,1659,0.0004082213904665749,0.0009041591320072332,0.0012055455093429777,0.0004082213904665749,0.0009041591320072332,0.0012055455093429777
ml-1m,0,GS-EASE,p3alpha,3.0,sym,q5,693,0.0,0.0,0.0,0.0,0.0,0.0
ml-1m,0,Lap-EASE,p3alpha,10.0,sym,overall,6008,0.3661949809405429,0.22149154748926256,0.8773302263648469,0.3652486522674858,0.32578264047377276,0.9310918774966711
ml-1m,0,Lap-EASE,p3alpha,10.0,sym,q1,5945,0.3881450068680856,0.2864180973219859,0.8837678721614802,0.40461558142228743,0.4202310173743811,0.936753574432296
ml-1m,0,Lap-EASE,p3alpha,10.0,sym,q2,4408,0.0057680616903343735,0.011107905167727689,0.024500907441016333,0.011447920998460096,0.029262627610407436,0.058303085299455534
ml-1m,0,Lap-EASE,p3alpha,10.0,sym,q3,2895,0.000610004990834606,0.000978698906160046,0.001381692573402418,0.0009230304088535545,0.0019861830742659756,0.0031088082901554403
ml-1m,0,Lap-EASE,p3alpha,10.0,sym,q4,1659,0.00023318433226916313,0.0006027727546714888,0.0006027727546714888,0.00023318433226916313,0.0006027727546714888,0.0006027727546714888
ml-1m,0,Lap-EASE,p3alpha,10.0,sym,q5,693,0.0,0.0,0.0,0.0,0.0,0.0
ml-1m,0,GS-EASE,p3alpha,10.0,sym,overall,6008,0.3676810702886406,0.22276770954874997,0.8791611185086551,0.36702750157297503,0.327635806143805,0.9322569906790945
ml-1m,0,GS-EASE,p3alpha,10.0,sym,q1,5945,0.3896573048260775,0.2879775368801924,0.8849453322119428,0.40646825166867445,0.4223879658007138,0.9384356602186712
ml-1m,0,GS-EASE,p3alpha,10.0,sym,q2,4408,0.0063898239691343355,0.012306707332796263,0.02631578947368421,0.01212287997355425,0.03052412700030973,0.0603448275862069
ml-1m,0,GS-EASE,p3alpha,10.0,sym,q3,2895,0.0006242995412140649,0.000978698906160046,0.0017271157167530224,0.0009409063842986477,0.0019861830742659756,0.0031088082901554403
ml-1m,0,GS-EASE,p3alpha,10.0,sym,q4,1659,0.00025960009528233456,0.0006027727546714888,0.0006027727546714888,0.00025960009528233456,0.0006027727546714888,0.0006027727546714888
ml-1m,0,GS-EASE,p3alpha,10.0,sym,q5,693,0.0,0.0,0.0,0.0,0.0,0.0
ml-1m,0,Lap-EASE,itemknn,1.0,sym,overall,6008,0.3680325055982284,0.2273950714868706,0.8861517976031957,0.3690521898468095,0.3338394158259448,0.9375832223701731
ml-1m,0,Lap-EASE,itemknn,1.0,sym,q1,5945,0.3880532225830365,0.29116458046743143,0.8889823380992431,0.4049857838500069,0.4240611985954278,0.9401177460050463
ml-1m,0,Lap-EASE,itemknn,1.0,sym,q2,4408,0.011292991715756888,0.021284542217023517,0.049682395644283124,0.02124836001040238,0.051578540392476814,0.1177404718693285
ml-1m,0,Lap-EASE,itemknn,1.0,sym,q3,2895,0.0012355650093576619,0.002216465169833045,0.0031088082901554403,0.0023054477878883053,0.005603132235256587,0.01070811744386874
ml-1m,0,Lap-EASE,itemknn,1.0,sym,q4,1659,0.00044436269606346973,0.0009041591320072332,0.0012055455093429777,0.00044436269606346973,0.0009041591320072332,0.0012055455093429777
ml-1m,0,Lap-EASE,itemknn,1.0,sym,q5,693,0.0,0.0,0.0,0.0,0.0,0.0
ml-1m,0,GS-EASE,itemknn,1.0,sym,overall,6008,0.2796681978205982,0.17315408859871045,0.8152463382157124,0.28618014030135674,0.26672199464642476,0.8991344873501997
ml-1m,0,GS-EASE,itemknn,1.0,sym,q1,5945,0.27556157734922865,0.20985728870817005,0.7983179142136249,0.2934772866996601,0.319806754650955,0.8891505466778806
ml-1m,0,GS-EASE,itemknn,1.0,sym,q2,4408,0.03997970118972451,0.0557141681636639,0.16424682395644283,0.05446760750562466,0.10057418009852487,0.27041742286751363
ml-1m,0,GS-EASE,itemknn,1.0,sym,q3,2895,0.011344294385571855,0.018900063368041845,0.043523316062176166,0.017049351097498187,0.03643086042715242,0.08324697754749569
ml-1m,0,GS-EASE,itemknn,1.0,sym,q4,1659,0.0025470374299404455,0.004235700438232084,0.006630500301386378,0.004085416667033172,0.009346123903085929,0.016877637130801686
ml-1m,0,GS-EASE,itemknn,1.0,sym,q5,693,0.0,0.0,0.0,0.0002121794237610536,0.0007215007215007215,0.001443001443001443
ml-1m,0,Lap-EASE,itemknn,3.0,sym,overall,6008,0.36920023289548565,0.22638139184375003,0.8838215712383488,0.37005963208734,0.33366789112829837,0.9362516644474035
ml-1m,0,Lap-EASE,itemknn,3.0,sym,q1,5945,0.38980942526933665,0.2905537688310647,0.8874684608915054,0.40724380742821326,0.4256867023565612,0.9399495374264087
ml-1m,0,Lap-EASE,itemknn,3.0,sym,q2,4408,0.009421965179079943,0.017562944195742145,0.041742286751361164,0.018185262609511976,0.045111688984895704,0.09913793103448276
ml-1m,0,Lap-EASE,itemknn,3.0,sym,q3,2895,0.0010183277860764325,0.0017846862406447896,0.0024179620034542313,0.0018328149982207824,0.004333963867642624,0.008290155440414507
ml-1m,0,Lap-EASE,itemknn,3.0,sym,q4,1659,0.00038279623608310985,0.0009041591320072332,0.0012055455093429777,0.00038279623608310985,0.0009041591320072332,0.0012055455093429777
ml-1m,0,Lap-EASE,itemknn,3.0,sym,q5,693,0.0,0.0,0.0,0.0,0.0,0.0
ml-1m,0,GS-EASE,itemknn,3.0,sym,overall,6008,0.2165043440613173,0.12900937780447802,0.7290279627163782,0.2240183505265115,0.20840091808387481,0.8387150466045273
ml-1m,0,GS-EASE,itemknn,3.0,sym,q1,5945,0.20256214809932474,0.15190575769603287,0.6957106812447434,0.2197668979941211,0.24377023832110273,0.8159798149705635
ml-1m,0,GS-EASE,itemknn,3.0,sym,q2,4408,0.046285639464214864,0.06162534271141065,0.18920145190562612,0.06084663577194258,0.1072892575302882,0.2912885662431942
ml-1m,0,GS-EASE,itemknn,3.0,sym,q3,2895,0.015209477128873314,0.02343431568691701,0.06044905008635579,0.02168359139392628,0.04346143597921526,0.10293609671848014
ml-1m,0,GS-EASE,itemknn,3.0,sym,q4,1659,0.003933530316505611,0.006006214866974361,0.012055455093429777,0.006299015590816505,0.014266256513091956,0.028933092224231464
ml-1m,0,GS-EASE,itemknn,3.0,sym,q5,693,0.0,0.0,0.0,0.0006074369873376003,0.0018037518037518038,0.004329004329004329
ml-1m,0,Lap-EASE,itemknn,10.0,sym,overall,6008,0.3656383140770483,0.22156222737732229,0.878994673768309,0.3648176715717914,0.32546443943491676,0.9314247669773635
ml-1m,0,Lap-EASE,itemknn,10.0,sym,q1,5945,0.3872900925349895,0.2861309142972826,0.8849453322119428,0.403737247936529,0.419278145375268,0.936753574432296
ml-1m,0,Lap-EASE,itemknn,10.0,sym,q2,4408,0.006269523192647741,0.011494499834107772,0.02722323049001815,0.01230930905476937,0.03054437472924389,0.06352087114337568
ml-1m,0,Lap-EASE,itemknn,10.0,sym,q3,2895,0.0007737859977618914,0.0013241220495106504,0.002072538860103627,0.001101135414597041,0.0023061106998930833,0.004145077720207254
ml-1m,0,Lap-EASE,itemknn,10.0,sym,q4,1659,0.00025960009528233456,0.0006027727546714888,0.0006027727546714888,0.00034374438332618654,0.0009041591320072332,0.0012055455093429777
ml-1m,0,Lap-EASE,itemknn,10.0,sym,q5,693,0.0,0.0,0.0,0.0,0.0,0.0
ml-1m,0,GS-EASE,itemknn,10.0,sym,overall,6008,0.20978575420941004,0.12218232685280754,0.7140479360852197,0.21744794606248075,0.2005144011196196,0.8273968042609854
ml-1m,0,GS-EASE,itemknn,10.0,sym,q1,5945,0.19581605002472582,0.1451817773932841,0.6783851976450799,0.21283994335626155,0.23562423018050838,0.8040370058873002
ml-1m,0,GS-EASE,itemknn,10.0,sym,q2,4408,0.04528755737540816,0.05858087961424925,0.1882940108892922,0.06054999854077623,0.10712637948509479,0.28992740471869327
ml-1m,0,GS-EASE,itemknn,10.0,sym,q3,2895,0.013969209619085363,0.020689583482435027,0.05630397236614853,0.020255124685170156,0.0400072697222332,0.09913644214162348
ml-1m,0,GS-EASE,itemknn,10.0,sym,q4,1659,0.003550149226855234,0.004955226474213816,0.010247136829415311,0.004955433834384915,0.009802591129045761,0.02230259192284509
ml-1m,0,GS-EASE,itemknn,10.0,sym,q5,693,0.0,0.0,0.0,0.0008173824740336347,0.002095127095127095,0.007215007215007215
ml-1m,0,Lap-EASE,binary,1.0,sym,overall,6008,0.3676360877169313,0.22723906377534922,0.8861517976031957,0.36862277741222416,0.3333125407698267,0.9374167776298269
ml-1m,0,Lap-EASE,binary,1.0,sym,q1,5945,0.387842047760438,0.29105770233891554,0.8889823380992431,0.40478487670817076,0.42359634260143975,0.9402859545836838
ml-1m,0,Lap-EASE,binary,1.0,sym,q2,4408,0.010967556980431196,0.020845116735562167,0.048548094373865695,0.02084214322837717,0.051218989158001126,0.11547186932849365
ml-1m,0,Lap-EASE,binary,1.0,sym,q3,2895,0.0012290744131741966,0.002216465169833045,0.0031088082901554403,0.0022558765603531233,0.005487991187473053,0.01070811744386874
ml-1m,0,Lap-EASE,binary,1.0,sym,q4,1659,0.00042458251813651965,0.0009041591320072332,0.0012055455093429777,0.00042458251813651965,0.0009041591320072332,0.0012055455093429777
ml-1m,0,Lap-EASE,binary,1.0,sym,q5,693,0.0,0.0,0.0,0.0,0.0,0.0
ml-1m,0,GS-EASE,binary,1.0,sym,overall,6008,0.1040888226057905,0.051535620700123075,0.4470705725699068,0.10607808513391644,0.0868645616369384,0.5768974700399467
ml-1m,0,GS-EASE,binary,1.0,sym,q1,5945,0.10309951242571906,0.0666600852704699,0.43313708999158956,0.10960891133463076,0.1114512982343517,0.5608074011774601
ml-1m,0,GS-EASE,binary,1.0,sym,q2,4408,0.01525332322428584,0.022751079535278128,0.07009981851179674,0.02172214514833285,0.040627399583530975,0.13157894736842105
ml-1m,0,GS-EASE,binary,1.0,sym,q3,2895,0.0008217660265903192,0.0012780656303972365,0.0034542314335060447,0.0016818331129988056,0.0037031554129999724,0.009671848013816925
ml-1m,0,GS-EASE,binary,1.0,sym,q4,1659,0.00019015363278223555,0.0006027727546714888,0.0006027727546714888,0.00019015363278223555,0.0006027727546714888,0.0006027727546714888
ml-1m,0,GS-EASE,binary,1.0,sym,q5,693,0.0,0.0,0.0,0.0,0.0,0.0
ml-1m,0,Lap-EASE,binary,3.0,sym,overall,6008,0.3695381772583542,0.2263771113846413,0.8833222370173103,0.369967671219307,0.33324852239176805,0.9362516644474035
ml-1m,0,Lap-EASE,binary,3.0,sym,q1,5945,0.3904522546148861,0.29096171281562005,0.887636669470143,0.4077009936566104,0.42601155149726455,0.9404541631623213
ml-1m,0,Lap-EASE,binary,3.0,sym,q2,4408,0.00884242003319525,0.016807170559895935,0.038112522686025406,0.017010975854297655,0.042419339389205925,0.09051724137931035
ml-1m,0,Lap-EASE,binary,3.0,sym,q3,2895,0.00100170586095121,0.0017846862406447896,0.0024179620034542313,0.0016309227962677045,0.0039655125147353126,0.0065630397236614854
ml-1m,0,Lap-EASE,binary,3.0,sym,q4,1659,0.00025960009528233456,0.0006027727546714888,0.0006027727546714888,0.0003594769884500438,0.0009041591320072332,0.0012055455093429777
ml-1m,0,Lap-EASE,binary,3.0,sym,q5,693,0.0,0.0,0.0,0.0,0.0,0.0
ml-1m,0,GS-EASE,binary,3.0,sym,overall,6008,0.1021110212294578,0.04735801172741286,0.43142476697736354,0.1010923357263694,0.07710731294582182,0.5459387483355526
ml-1m,0,GS-EASE,binary,3.0,sym,q1,5945,0.10169438270448367,0.06240917740823938,0.41816652649285113,0.1051285842120428,0.10108604238219089,0.5310344827586206
ml-1m,0,GS-EASE,binary,3.0,sym,q2,4408,0.013423558614527766,0.020527248812945587,0.06442831215970962,0.019651573091422177,0.03798164565748341,0.12159709618874773
ml-1m,0,GS-EASE,binary,3.0,sym,q3,2895,0.0008214969505119788,0.0013068508923431202,0.0034542314335060447,0.0014119798820943993,0.00298599117251967,0.007944732297063902
ml-1m,0,GS-EASE,binary,3.0,sym,q4,1659,0.00023318433226916313,0.0006027727546714888,0.0006027727546714888,0.00023318433226916313,0.0006027727546714888,0.0006027727546714888
ml-1m,0,GS-EASE,binary,3.0,sym,q5,693,0.0,0.0,0.0,0.0,0.0,0.0
ml-1m,0,Lap-EASE,binary,10.0,sym,overall,6008,0.36623476415769507,0.22146577536040232,0.8769973368841545,0.3651718683252737,0.3254117539178121,0.9312583222370173
ml-1m,0,Lap-EASE,binary,10.0,sym,q1,5945,0.3882350963893207,0.28643576396485715,0.8835996635828427,0.4046955446829683,0.4202059270330961,0.9370899915895711
ml-1m,0,Lap-EASE,binary,10.0,sym,q2,4408,0.005681996690416549,0.011121534369038906,0.024047186932849365,0.010984805070490052,0.027951380252200002,0.056261343012704176
ml-1m,0,Lap-EASE,binary,10.0,sym,q3,2895,0.0005369666120495066,0.0008059873344847437,0.001381692573402418,0.000898495372935887,0.0019861830742659756,0.0031088082901554403
ml-1m,0,Lap-EASE,binary,10.0,sym,q4,1659,0.00023318433226916313,0.0006027727546714888,0.0006027727546714888,0.00023318433226916313,0.0006027727546714888,0.0006027727546714888
ml-1m,0,Lap-EASE,binary,10.0,sym,q5,693,0.0,0.0,0.0,0.0,0.0,0.0
ml-1m,0,GS-EASE,binary,10.0,sym,overall,6008,0.12531615165638357,0.059963062419594246,0.4986684420772304,0.12365542612088135,0.09576075870839985,0.6113515312916112
ml-1m,0,GS-EASE,binary,10.0,sym,q1,5945,0.12791639703342406,0.08053966239414931,0.4901597981497056,0.13166884856461708,0.12756211531866152,0.601682085786375
ml-1m,0,GS-EASE,binary,10.0,sym,q2,4408,0.011117493563858978,0.018522470344888634,0.05671506352087114,0.018017583314539024,0.037641085731757444,0.1177404718693285
ml-1m,0,GS-EASE,binary,10.0,sym,q3,2895,0.0005671381677140144,0.000978698906160046,0.002072538860103627,0.0010019276814001,0.0021742467856457498,0.0062176165803108805
ml-1m,0,GS-EASE,binary,10.0,sym,q4,1659,0.00021471198740688499,0.0006027727546714888,0.0006027727546714888,0.00021471198740688499,0.0006027727546714888,0.0006027727546714888
ml-1m,0,GS-EASE,binary,10.0,sym,q5,693,0.0,0.0,0.0,0.0,0.0,0.0
ml-1m,1,EASE,,0.0,,overall,6006,0.3623488874914095,0.22293921857668994,0.8771228771228772,0.36349761852879936,0.3275426777323132,0.9347319347319347
ml-1m,1,EASE,,0.0,,q1,5944,0.38319038326108074,0.2877949233136622,0.8787012113055181,0.3991817514077507,0.41757261600288986,0.9348923283983849
ml-1m,1,EASE,,0.0,,q2,4502,0.01205887595139317,0.02235818320977583,0.051754775655264325,0.02297310124182566,0.05498483172293008,0.13194135939582408
ml-1m,1,EASE,,0.0,,q3,2861,0.0014036252069079909,0.002933123616451124,0.004543865781195386,0.004180845676298599,0.012439538693470885,0.020272631946871723
ml-1m,1,EASE,,0.0,,q4,1641,0.000124547469584696,0.0003046922608165753,0.0006093845216331506,0.0002736337231607021,0.0009140767824497258,0.001218769043266301
ml-1m,1,EASE,,0.0,,q5,685,0.0,0.0,0.0,0.0,0.0,0.0
ml-1m,1,Lap-EASE,rp3beta,1.0,sym,overall,6006,0.3657238896045218,0.22363280262482357,0.8782883782883782,0.3671190527763783,0.3300184916819984,0.935064935064935
ml-1m,1,Lap-EASE,rp3beta,1.0,sym,q1,5944,0.3874437103139817,0.28960868806773377,0.8805518169582772,0.40413802842796376,0.4220008031486112,0.9365746971736204
ml-1m,1,Lap-EASE,rp3beta,1.0,sym,q2,4502,0.010421568858928842,0.019375059976502334,0.04375832963127499,0.02083871000625986,0.05065476802207612,0.1197245668591737
ml-1m,1,Lap-EASE,rp3beta,1.0,sym,q3,2861,0.0011293275926648459,0.0024088314109285795,0.004194337644180357,0.0034873195368352763,0.010817410384869316,0.016427822439706398
ml-1m,1,Lap-EASE,rp3beta,1.0,sym,q4,1641,0.000124547469584696,0.0003046922608165753,0.0006093845216331506,0.00026554577132738896,0.0009140767824497258,0.001218769043266301
ml-1m,1,Lap-EASE,rp3beta,1.0,sym,q5,685,0.0,0.0,0.0,0.0,0.0,0.0
ml-1m,1,GS-EASE,rp3beta,1.0,sym,overall,6006,0.36575893572113677,0.22365218825985939,0.8782883782883782,0.3671274221542194,0.3300173983305214,0.935064935064935
ml-1m,1,GS-EASE,rp3beta,1.0,sym,q1,5944,0.38747938976454716,0.2896310683596726,0.8805518169582772,0.40414597479657016,0.4220012809882314,0.9365746971736204
ml-1m,1,GS-EASE,rp3beta,1.0,sym,q2,4502,0.010421568858928842,0.019375059976502334,0.04375832963127499,0.0208385735314778,0.05065476802207612,0.1197245668591737
ml-1m,1,GS-EASE,rp3beta,1.0,sym,q3,2861,0.0011293275926648459,0.0024088314109285795,0.004194337644180357,0.00348812128218043,0.010817410384869316,0.016427822439706398
ml-1m,1,GS-EASE,rp3beta,1.0,sym,q4,1641,0.000124547469584696,0.0003046922608165753,0.0006093845216331506,0.00026554577132738896,0.0009140767824497258,0.001218769043266301
ml-1m,1,GS-EASE,rp3beta,1.0,sym,q5,685,0.0,0.0,0.0,0.0,0.0,0.0
ml-1m,1,Lap-EASE,rp3beta,3.0,sym,overall,6006,0.36726806181276583,0.22363253669737013,0.8774558774558775,0.36766251673052736,0.32929689777066723,0.935064935064935
ml-1m,1,Lap-EASE,rp3beta,3.0,sym,q1,5944,0.38979545415521194,0.2905220396085372,0.8805518169582772,0.40616949976033784,0.42339281279410645,0.9369111709286676
ml-1m,1,Lap-EASE,rp3beta,3.0,sym,q2,4502,0.008813703861971578,0.01695987374257472,0.0368725011106175,0.017608036667382542,0.04400454412176553,0.0979564637938694
ml-1m,1,Lap-EASE,rp3beta,3.0,sym,q3,2861,0.0009224499437760385,0.0020389141325876732,0.0027962250961202375,0.0026719212661596454,0.008073614509301332,0.013282069206571129
ml-1m,1,Lap-EASE,rp3beta,3.0,sym,q4,1641,0.00010800687799149771,0.0003046922608165753,0.0006093845216331506,0.00010800687799149771,0.0003046922608165753,0.0006093845216331506
ml-1m,1,Lap-EASE,rp3beta,3.0,sym,q5,685,0.0,0.0,0.0,0.0,0.0,0.0
ml-1m,1,GS-EASE,rp3beta,3.0,sym,overall,6006,0.36730462986145634,0.22364194074136404,0.8774558774558775,0.36773174480346027,0.329336552209354,0.935064935064935
ml-1m,1,GS-EASE,rp3beta,3.0,sym,q1,5944,0.38983246786807957,0.2905383959716297,0.8805518169582772,0.40623191011705484,0.4234326689115197,0.9369111709286676
ml-1m,1,GS-EASE,rp3beta,3.0,sym,q2,4502,0.008815303843450873,0.01695987374257472,0.0368725011106175,0.017634653532197217,0.04405214201476547,0.09840071079520213
ml-1m,1,GS-EASE,rp3beta,3.0,sym,q3,2861,0.0009224499437760385,0.0020389141325876732,0.0027962250961202375,0.0026730041066737494,0.008073614509301332,0.013282069206571129
ml-1m,1,GS-EASE,rp3beta,3.0,sym,q4,1641,0.00011247757268712259,0.0003046922608165753,0.0006093845216331506,0.00011247757268712259,0.0003046922608165753,0.0006093845216331506
ml-1m,1,GS-EASE,rp3beta,3.0,sym,q5,685,0.0,0.0,0.0,0.0,0.0,0.0
ml-1m,1,Lap-EASE,rp3beta,10.0,sym,overall,6006,0.36242580763746857,0.21790349528739741,0.8706293706293706,0.3612765475272222,0.3202340268422475,0.9275724275724275
ml-1m,1,Lap-EASE,rp3beta,10.0,sym,q1,5944,0.38585915730646336,0.2850273377195084,0.8755047106325706,0.40133172272813633,0.41586240784519535,0.9315275908479138
ml-1m,1,Lap-EASE,rp3beta,10.0,sym,q2,4502,0.00593095169408466,0.011590514813102158,0.024877832074633496,0.011768792774647447,0.029822783918085162,0.06152820968458463
ml-1m,1,Lap-EASE,rp3beta,10.0,sym,q3,2861,0.00033659553945834136,0.00046603751602003956,0.0010485844110450892,0.001464263976796816,0.0044137636413064596,0.008039147151345682
ml-1m,1,Lap-EASE,rp3beta,10.0,sym,q4,1641,0.0,0.0,0.0,0.0,0.0,0.0
ml-1m,1,Lap-EASE,rp3beta,10.0,sym,q5,685,0.0,0.0,0.0,0.0,0.0,0.0
ml-1m,1,GS-EASE,rp3beta,10.0,sym,overall,6006,0.36248570291048376,0.21798253520500435,0.8707958707958708,0.3612446689970887,0.3201959163590968,0.9277389277389277
ml-1m,1,GS-EASE,rp3beta,10.0,sym,q1,5944,0.38590269348886497,0.2851329450004185,0.8756729475100942,0.40128611461161123,0.4158412152432491,0.9316958277254375
ml-1m,1,GS-EASE,rp3beta,10.0,sym,q2,4502,0.00596188657176338,0.011634939513235434,0.025099955575299867,0.011781388646882444,0.029822783918085162,0.06152820968458463
ml-1m,1,GS-EASE,rp3beta,10.0,sym,q3,2861,0.00033659553945834136,0.00046603751602003956,0.0010485844110450892,0.0015160990572192419,0.004588527709813974,0.008388675288360714
ml-1m,1,GS-EASE,rp3beta,10.0,sym,q4,1641,0.0,0.0,0.0,0.0,0.0,0.0
ml-1m,1,GS-EASE,rp3beta,10.0,sym,q5,685,0.0,0.0,0.0,0.0,0.0,0.0
ml-1m,1,Lap-EASE,p3alpha,1.0,sym,overall,6006,0.36585521112174896,0.22377211638773248,0.8781218781218781,0.36705211256716636,0.3299767129438708,0.9352314352314353
ml-1m,1,Lap-EASE,p3alpha,1.0,sym,q1,5944,0.3877658013955599,0.28983596961970826,0.8803835800807537,0.4043067644008685,0.4221657614195332,0.9367429340511441
ml-1m,1,Lap-EASE,p3alpha,1.0,sym,q2,4502,0.010136318834077047,0.019148583522355135,0.042425588627276765,0.02030316948030367,0.04959855567839677,0.11617059084851178
ml-1m,1,Lap-EASE,p3alpha,1.0,sym,q3,2861,0.0011061698773714556,0.002400093207503204,0.003844809507165327,0.0035151331022501794,0.011089751058293526,0.016078294302691365
ml-1m,1,Lap-EASE,p3alpha,1.0,sym,q4,1641,0.00011247757268712259,0.0003046922608165753,0.0006093845216331506,0.0002534758744298156,0.0009140767824497258,0.001218769043266301
ml-1m,1,Lap-EASE,p3alpha,1.0,sym,q5,685,0.0,0.0,0.0,0.0,0.0,0.0
ml-1m,1,GS-EASE,p3alpha,1.0,sym,overall,6006,0.3657503569316469,0.22349774684699522,0.8784548784548785,0.367076874970887,0.32999477656109805,0.935064935064935
ml-1m,1,GS-EASE,p3alpha,1.0,sym,q1,5944,0.38760819809744756,0.2895810119700133,0.8807200538358008,0.4042148227131873,0.42206052015742784,0.9365746971736204
ml-1m,1,GS-EASE,p3alpha,1.0,sym,q2,4502,0.010229442431791549,0.01915960956625546,0.04286983562860951,0.02064022828899516,0.050474445053841896,0.11794757885384273
ml-1m,1,GS-EASE,p3alpha,1.0,sym,q3,2861,0.0011061698773714556,0.002400093207503204,0.003844809507165327,0.0036509649273816893,0.01152957396403744,0.017126878713736457
ml-1m,1,GS-EASE,p3alpha,1.0,sym,q4,1641,0.00011247757268712259,0.0003046922608165753,0.0006093845216331506,0.0002512162982794157,0.0009140767824497258,0.001218769043266301
ml-1m,1,GS-EASE,p3alpha,1.0,sym,q5,685,0.0,0.0,0.0,0.0,0.0,0.0
ml-1m,1,Lap-EASE,p3alpha,3.0,sym,overall,6006,0.36715486858743956,0.22346763687307136,0.8764568764568764,0.36754523841708125,0.3290136785425362,0.935064935064935
ml-1m,1,Lap-EASE,p3alpha,3.0,sym,q1,5944,0.38997976675258533,0.29073638861453177,0.8800471063257066,0.406435421492004,0.42346043301376507,0.9372476446837147
ml-1m,1,Lap-EASE,p3alpha,3.0,sym,q2,4502,0.008236876458749032,0.016086869509660276,0.03398489560195469,0.016885476870212336,0.04310230595080853,0.09284762327854287
ml-1m,1,Lap-EASE,p3alpha,3.0,sym,q3,2861,0.0009341152684486608,0.002155423511592683,0.0031457532331352674,0.0023729906456766577,0.007105130296322188,0.01188395665851101
ml-1m,1,Lap-EASE,p3alpha,3.0,sym,q4,1641,0.0,0.0,0.0,9.341060218852199e-05,0.0003046922608165753,0.0006093845216331506
ml-1m,1,Lap-EASE,p3alpha,3.0,sym,q5,685,0.0,0.0,0.0,0.0,0.0,0.0
ml-1m,1,GS-EASE,p3alpha,3.0,sym,overall,6006,0.3677361556789768,0.22402784059262953,0.8776223776223776,0.3682134037666672,0.3297506470905106,0.9353979353979354
ml-1m,1,GS-EASE,p3alpha,3.0,sym,q1,5944,0.39054282259485157,0.2912521664778437,0.8808882907133243,0.40718291390925715,0.42473227185742396,0.9377523553162853
ml-1m,1,GS-EASE,p3alpha,3.0,sym,q2,4502,0.008479393485294705,0.01668383639354058,0.03509551310528654,0.017239264319773986,0.04377102809068969,0.0948467347845402
ml-1m,1,GS-EASE,p3alpha,3.0,sym,q3,2861,0.0009224499437760385,0.0020389141325876732,0.0027962250961202375,0.002533119301197692,0.007687677191347238,0.01258301293254107
ml-1m,1,GS-EASE,p3alpha,3.0,sym,q4,1641,0.0,0.0,0.0,9.563677292987808e-05,0.0003046922608165753,0.0006093845216331506
ml-1m,1,GS-EASE,p3alpha,3.0,sym,q5,685,0.0,0.0,0.0,0.0,0.0,0.0
ml-1m,1,Lap-EASE,p3alpha,10.0,sym,overall,6006,0.36317558953051954,0.21840415088632853,0.86996336996337,0.3615239159001672,0.32005650472565333,0.9274059274059274
ml-1m,1,Lap-EASE,p3alpha,10.0,sym,q1,5944,0.3867962660594155,0.2860377619594235,0.8751682368775235,0.4020202698234304,0.41635111124580015,0.931864064602961
ml-1m,1,Lap-EASE,p3alpha,10.0,sym,q2,4502,0.005508123761800249,0.011038703078352124,0.021990226565970678,0.010814759314247482,0.027901628223165748,0.05442025766326077
ml-1m,1,Lap-EASE,p3alpha,10.0,sym,q3,2861,0.00026368897784875475,0.00029127344751252475,0.0006990562740300594,0.0012510712379374817,0.0039118024000932075,0.006641034603285564
ml-1m,1,Lap-EASE,p3alpha,10.0,sym,q4,1641,0.0,0.0,0.0,0.0,0.0,0.0
ml-1m,1,Lap-EASE,p3alpha,10.0,sym,q5,685,0.0,0.0,0.0,0.0,0.0,0.0
ml-1m,1,GS-EASE,p3alpha,10.0,sym,overall,6006,0.36486985184731435,0.21977107214346428,0.8714618714618715,0.36379176971874544,0.32249870856395313,0.9300699300699301
ml-1m,1,GS-EASE,p3alpha,10.0,sym,q1,5944,0.3885753985262173,0.2874457180663461,0.876514131897712,0.4045255601122746,0.41932234387313755,0.9337146702557201
ml-1m,1,GS-EASE,p3alpha,10.0,sym,q2,4502,0.005887126760653789,0.011810934820152946,0.023545091070635273,0.011484078848096504,0.029584447661982524,0.05819635717458907
ml-1m,1,GS-EASE,p3alpha,10.0,sym,q3,2861,0.00037420602252255335,0.0006408015845275545,0.0010485844110450892,0.0011518907009036336,0.003492368635675172,0.005592450192240475
ml-1m,1,GS-EASE,p3alpha,10.0,sym,q4,1641,0.0,0.0,0.0,0.0,0.0,0.0
ml-1m,1,GS-EASE,p3alpha,10.0,sym,q5,685,0.0,0.0,0.0,0.0,0.0,0.0
ml-1m,1,Lap-EASE,itemknn,1.0,sym,overall,6006,0.3658476514112087,0.22349126969294883,0.8777888777888778,0.36727001635583895,0.3302229124570452,0.9358974358974359
ml-1m,1,Lap-EASE,itemknn,1.0,sym,q1,5944,0.3875739060619902,0.2893425420442298,0.8800471063257066,0.4043777827219754,0.42245563629581057,0.9374158815612382
ml-1m,1,Lap-EASE,itemknn,1.0,sym,q2,4502,0.010323048540590435,0.01905579259041795,0.04331408262994225,0.020753389098075642,0.0503048688085894,0.11950244335850733
ml-1m,1,Lap-EASE,itemknn,1.0,sym,q3,2861,0.0011316952901912715,0.0024088314109285795,0.004194337644180357,0.003482513905854407,0.010817410384869316,0.016427822439706398
ml-1m,1,Lap-EASE,itemknn,1.0,sym,q4,1641,0.000124547469584696,0.0003046922608165753,0.0006093845216331506,0.00026554577132738896,0.0009140767824497258,0.001218769043266301
ml-1m,1,Lap-EASE,itemknn,1.0,sym,q5,685,0.0,0.0,0.0,0.0,0.0,0.0
ml-1m,1,GS-EASE,itemknn,1.0,sym,overall,6006,0.2788059805088296,0.17277140014663772,0.8175158175158175,0.28463297020347356,0.26458909600335895,0.8967698967698968
ml-1m,1,GS-EASE,itemknn,1.0,sym,q1,5944,0.27473309461382167,0.21097097808333268,0.802321668909825,0.29235746713458943,0.31885571602861484,0.8864401076716016
ml-1m,1,GS-EASE,itemknn,1.0,sym,q2,4502,0.04053011842800949,0.05859340254765932,0.16992447800977342,0.054160020683723005,0.1007730991031824,0.2683251888049756
ml-1m,1,GS-EASE,itemknn,1.0,sym,q3,2861,0.013132611462220677,0.02089403929460706,0.04893393918210416,0.018198963813054234,0.036298701711006624,0.08493533729465222
ml-1m,1,GS-EASE,itemknn,1.0,sym,q4,1641,0.0022892370646466712,0.005042285340586495,0.006703229737964655,0.0042674975007333995,0.011790757262733006,0.018890920170627667
ml-1m,1,GS-EASE,itemknn,1.0,sym,q5,685,0.0020885789168954643,0.00291970802919708,0.00291970802919708,0.002810696496630101,0.00583941605839416,0.00583941605839416
ml-1m,1,Lap-EASE,itemknn,3.0,sym,overall,6006,0.36720449753960754,0.22342211407008084,0.8762903762903763,0.36763538239965626,0.32901369243400597,0.9345654345654346
ml-1m,1,Lap-EASE,itemknn,3.0,sym,q1,5944,0.3896749279702353,0.2901905886920772,0.879542395693136,0.4060948512050462,0.4231422427404663,0.9364064602960969
ml-1m,1,Lap-EASE,itemknn,3.0,sym,q2,4502,0.008736158745955427,0.016796923784109047,0.036206130608618395,0.017682720754651472,0.04435565196245317,0.09951132829853399
ml-1m,1,Lap-EASE,itemknn,3.0,sym,q3,2861,0.0009402600320884631,0.002155423511592683,0.0031457532331352674,0.0025244881839355674,0.0075580605072041625,0.0129325410695561
ml-1m,1,Lap-EASE,itemknn,3.0,sym,q4,1641,0.00010800687799149771,0.0003046922608165753,0.0006093845216331506,0.00010800687799149771,0.0003046922608165753,0.0006093845216331506
ml-1m,1,Lap-EASE,itemknn,3.0,sym,q5,685,0.0,0.0,0.0,0.0,0.0,0.0
ml-1m,1,GS-EASE,itemknn,3.0,sym,overall,6006,0.2173874891528687,0.12933309334923795,0.7332667332667333,0.2239410829462041,0.2061515052003467,0.8331668331668332
ml-1m,1,GS-EASE,itemknn,3.0,sym,q1,5944,0.20333001043341464,0.15276711274943622,0.6963324360699865,0.21965296225297148,0.24203141200249503,0.8114064602960969
ml-1m,1,GS-EASE,itemknn,3.0,sym,q2,4502,0.04714488975413069,0.06547161592563257,0.19546868058640604,0.06142499809263899,0.10986995304891904,0.29675699689027096
ml-1m,1,GS-EASE,itemknn,3.0,sym,q3,2861,0.016850355578372975,0.025006924850334726,0.06361412093673541,0.023997815617676995,0.04721154631907497,0.10870325061167424
ml-1m,1,GS-EASE,itemknn,3.0,sym,q4,1641,0.004029136938962452,0.00821570140248519,0.012797074954296161,0.006255863680778985,0.015337018937589677,0.026203534430225474
ml-1m,1,GS-EASE,itemknn,3.0,sym,q5,685,0.0025751969217616445,0.004379562043795621,0.004379562043795621,0.0036298908089975094,0.008150851581508516,0.010218978102189781
ml-1m,1,Lap-EASE,itemknn,10.0,sym,overall,6006,0.3622529766619696,0.21798961867277178,0.8704628704628704,0.3606300368663638,0.3192271075664075,0.9269064269064269
ml-1m,1,Lap-EASE,itemknn,10.0,sym,q1,5944,0.38552216377882115,0.28502004093779437,0.8756729475100942,0.4005493296678738,0.41476796386518744,0.9313593539703903
ml-1m,1,Lap-EASE,itemknn,10.0,sym,q2,4502,0.005905918845276247,0.011453891231343081,0.024877832074633496,0.011648419705395848,0.029362484674728715,0.06219458018658374
ml-1m,1,Lap-EASE,itemknn,10.0,sym,q3,2861,0.00039545208610159376,0.0006408015845275545,0.0013981125480601187,0.0013924730515572322,0.00417637578158375,0.008039147151345682
ml-1m,1,Lap-EASE,itemknn,10.0,sym,q4,1641,0.0,0.0,0.0,0.0,0.0,0.0
ml-1m,1,Lap-EASE,itemknn,10.0,sym,q5,685,0.0,0.0,0.0,0.0,0.0,0.0
ml-1m,1,GS-EASE,itemknn,10.0,sym,overall,6006,0.21158821800902258,0.12447558243478712,0.720945720945721,0.21835635010106094,0.2010223041426106,0.829004329004329
ml-1m,1,GS-EASE,itemknn,10.0,sym,q1,5944,0.1981390786443574,0.14860023245631707,0.6842193808882907,0.21406944271228887,0.23607196670965291,0.801985195154778
ml-1m,1,GS-EASE,itemknn,10.0,sym,q2,4502,0.04504881821995523,0.06183362539986791,0.18947134606841404,0.05999902491130136,0.1082837779891746,0.2943136383829409
ml-1m,1,GS-EASE,itemknn,10.0,sym,q3,2861,0.015833428879657215,0.023141277365186612,0.06221600838867529,0.02247158984030819,0.04386800203795655,0.1034603285564488
ml-1m,1,GS-EASE,itemknn,10.0,sym,q4,1641,0.0031572781734509592,0.006250064744290454,0.010968921389396709,0.005823992923134219,0.01563018023815981,0.02681291895185862
ml-1m,1,GS-EASE,itemknn,10.0,sym,q5,685,0.0026504710318188307,0.004456396465616596,0.00583941605839416,0.0037454806495233494,0.008435214270110654,0.013138686131386862
ml-1m,1,Lap-EASE,binary,1.0,sym,overall,6006,0.365891944403018,0.2237124444375935,0.8777888777888778,0.36704651837695423,0.329940876382365,0.935064935064935
ml-1m,1,Lap-EASE,binary,1.0,sym,q1,5944,0.38782093401947887,0.2896971543312316,0.8800471063257066,0.40436593452555997,0.4221215101854369,0.9367429340511441
ml-1m,1,Lap-EASE,binary,1.0,sym,q2,4502,0.010084976334515685,0.019148583522355135,0.042425588627276765,0.02017819697267289,0.04947040750493541,0.1152820968458463
ml-1m,1,Lap-EASE,binary,1.0,sym,q3,2861,0.0011061698773714556,0.002400093207503204,0.003844809507165327,0.003427159513083955,0.010740222921278497,0.015728766165676335
ml-1m,1,Lap-EASE,binary,1.0,sym,q4,1641,0.00011247757268712259,0.0003046922608165753,0.0006093845216331506,0.0002512162982794157,0.0009140767824497258,0.001218769043266301
ml-1m,1,Lap-EASE,binary,1.0,sym,q5,685,0.0,0.0,0.0,0.0,0.0,0.0
ml-1m,1,GS-EASE,binary,1.0,sym,overall,6006,0.10286657111235262,0.05166504435230105,0.4457209457209457,0.10638410798949395,0.08963051964232906,0.5887445887445888
ml-1m,1,GS-EASE,binary,1.0,sym,q1,5944,0.10267375174726227,0.06768861342223184,0.4328734858681023,0.11036865241682252,0.11471215799712974,0.5728465679676985
ml-1m,1,GS-EASE,binary,1.0,sym,q2,4502,0.014351306550094589,0.022600754888985254,0.06597067969791204,0.021319748149061072,0.0421769585879079,0.12461128387383386
ml-1m,1,GS-EASE,binary,1.0,sym,q3,2861,0.0007047547595629914,0.0018497577290265983,0.003495281370150297,0.0018835054864630334,0.005812324929971988,0.01118490038448095
ml-1m,1,GS-EASE,binary,1.0,sym,q4,1641,0.0,0.0,0.0,0.0,0.0,0.0
ml-1m,1,GS-EASE,binary,1.0,sym,q5,685,0.0,0.0,0.0,0.0,0.0,0.0
ml-1m,1,Lap-EASE,binary,3.0,sym,overall,6006,0.3671710631192966,0.22334406304661422,0.8754578754578755,0.36756772236507756,0.32906690903712604,0.9348984348984349
ml-1m,1,Lap-EASE,binary,3.0,sym,q1,5944,0.39011465892631925,0.29070958553459697,0.8790376850605652,0.40664755202398833,0.4238607183673737,0.9372476446837147
ml-1m,1,Lap-EASE,binary,3.0,sym,q2,4502,0.008042617333821344,0.015953168248682245,0.03331852509995557,0.016497933150501753,0.04226504779458103,0.09129275877387828
ml-1m,1,Lap-EASE,binary,3.0,sym,q3,2861,0.0008659382674886562,0.0020389141325876732,0.0027962250961202375,0.002241665319144281,0.006755602159307158,0.01118490038448095
ml-1m,1,Lap-EASE,binary,3.0,sym,q4,1641,0.0,0.0,0.0,8.960410765777583e-05,0.0003046922608165753,0.0006093845216331506
ml-1m,1,Lap-EASE,binary,3.0,sym,q5,685,0.0,0.0,0.0,0.0,0.0,0.0
ml-1m,1,GS-EASE,binary,3.0,sym,overall,6006,0.1007883258435605,0.04733907110661523,0.42973692973692973,0.10128759503002613,0.07903472727152983,0.5502830502830502
ml-1m,1,GS-EASE,binary,3.0,sym,q1,5944,0.10149202345899362,0.06381852759686678,0.4190780619111709,0.10593826699363867,0.10396086410066291,0.5360026917900403
ml-1m,1,GS-EASE,binary,3.0,sym,q2,4502,0.012071585566348597,0.018605924567522324,0.05664149266992448,0.018761523501774062,0.036887832066422786,0.11283873833851621
ml-1m,1,GS-EASE,binary,3.0,sym,q3,2861,0.0007068095831913065,0.0018297846926257396,0.003844809507165327,0.0015032836381231047,0.004435017628162765,0.009437259699405802
ml-1m,1,GS-EASE,binary,3.0,sym,q4,1641,0.0,0.0,0.0,0.0,0.0,0.0
ml-1m,1,GS-EASE,binary,3.0,sym,q5,685,0.0,0.0,0.0,0.0,0.0,0.0
ml-1m,1,Lap-EASE,binary,10.0,sym,overall,6006,0.36270943589129595,0.21799923402174504,0.8691308691308691,0.36096528066721767,0.3192299300235128,0.9262404262404262
ml-1m,1,Lap-EASE,binary,10.0,sym,q1,5944,0.3864272497212338,0.28558921846170243,0.8746635262449529,0.401668473351184,0.41590698140711035,0.9311911170928667
ml-1m,1,Lap-EASE,binary,10.0,sym,q2,4502,0.005044819307417957,0.010250164650986509,0.0211017325633052,0.010205850531687153,0.0267832675868131,0.05264326965792981
ml-1m,1,Lap-EASE,binary,10.0,sym,q3,2861,0.00026368897784875475,0.00029127344751252475,0.0006990562740300594,0.0011140003078155174,0.003387510194570663,0.005941978329255505
ml-1m,1,Lap-EASE,binary,10.0,sym,q4,1641,0.0,0.0,0.0,0.0,0.0,0.0
ml-1m,1,Lap-EASE,binary,10.0,sym,q5,685,0.0,0.0,0.0,0.0,0.0,0.0
ml-1m,1,GS-EASE,binary,10.0,sym,overall,6006,0.1265046092681975,0.06178659946428609,0.5034965034965035,0.12484988993452709,0.09683465526927815,0.6145521145521146
ml-1m,1,GS-EASE,binary,10.0,sym,q1,5944,0.1302024439955438,0.08469018739762431,0.496971736204576,0.13339792497331504,0.1292719338527228,0.605820995962315
ml-1m,1,GS-EASE,binary,10.0,sym,q2,4502,0.010866656808969664,0.01876014507618634,0.054642381163927146,0.017911562224328697,0.03803990790788903,0.11461572634384717
ml-1m,1,GS-EASE,binary,10.0,sym,q3,2861,0.00031364606829233153,0.000731512458181455,0.0017476406850751485,0.0011462137670912942,0.003519586793123401,0.006990562740300594
ml-1m,1,GS-EASE,binary,10.0,sym,q4,1641,0.0,0.0,0.0,0.0,0.0,0.0
ml-1m,1,GS-EASE,binary,10.0,sym,q5,685,0.0,0.0,0.0,0.0,0.0,0.0
ml-1m,2,EASE,,0.0,,overall,6004,0.35886470515172914,0.2220393416816548,0.8794137241838774,0.3618476700911453,0.32899075921234416,0.9390406395736176
ml-1m,2,EASE,,0.0,,q1,5935,0.37902812893179005,0.28612547104598174,0.8828980623420387,0.39712320949052954,0.41959639568701584,0.9415332771693344
ml-1m,2,EASE,,0.0,,q2,4474,0.012509034903147354,0.02314072548323651,0.05364327223960662,0.022497243045295677,0.05310831455626426,0.13008493518104605
ml-1m,2,EASE,,0.0,,q3,2899,0.0018512851773931534,0.004285002491280518,0.006553984132459468,0.0037454383948627677,0.010479288875490406,0.017592273197654364
ml-1m,2,EASE,,0.0,,q4,1585,0.00018992428748516163,0.0006309148264984228,0.0006309148264984228,0.0004371601877160728,0.0015772870662460567,0.0018927444794952682
ml-1m,2,EASE,,0.0,,q5,666,0.0,0.0,0.0,0.0,0.0,0.0
ml-1m,2,Lap-EASE,rp3beta,1.0,sym,overall,6004,0.36370303337350085,0.22310931101710857,0.8810792804796802,0.3658678894733905,0.33122838277447103,0.938707528314457
ml-1m,2,Lap-EASE,rp3beta,1.0,sym,q1,5935,0.3847780980000656,0.2887847365891147,0.8854254422914911,0.4025807756396983,0.42417880378937456,0.9417017691659646
ml-1m,2,Lap-EASE,rp3beta,1.0,sym,q2,4474,0.011068393281527993,0.020094364822890457,0.0464908359409924,0.020156670617710648,0.04780225993246208,0.11063924899418864
ml-1m,2,Lap-EASE,rp3beta,1.0,sym,q3,2899,0.0015778257045722167,0.003698593384692039,0.005519144532597447,0.002950995178738336,0.008343325832115068,0.013797861331493619
ml-1m,2,Lap-EASE,rp3beta,1.0,sym,q4,1585,0.0,0.0,0.0,0.0003116894310390869,0.0012618296529968455,0.0012618296529968455
ml-1m,2,Lap-EASE,rp3beta,1.0,sym,q5,666,0.0,0.0,0.0,0.0,0.0,0.0
ml-1m,2,GS-EASE,rp3beta,1.0,sym,overall,6004,0.36371718010644916,0.2231426221430247,0.8812458361092604,0.3658983063379311,0.33129901469886713,0.938707528314457
ml-1m,2,GS-EASE,rp3beta,1.0,sym,q1,5935,0.384760959716466,0.28876367508953593,0.8854254422914911,0.40257868775784755,0.42418015147891297,0.9417017691659646
ml-1m,2,GS-EASE,rp3beta,1.0,sym,q2,4474,0.011120626464197597,0.02021357209453403,0.04693786320965579,0.020219275896317293,0.04798319954120679,0.11086276262852034
ml-1m,2,GS-EASE,rp3beta,1.0,sym,q3,2899,0.0015778257045722167,0.003698593384692039,0.005519144532597447,0.002950995178738336,0.008343325832115068,0.013797861331493619
ml-1m,2,GS-EASE,rp3beta,1.0,sym,q4,1585,0.0,0.0,0.0,0.0003116894310390869,0.0012618296529968455,0.0012618296529968455
ml-1m,2,GS-EASE,rp3beta,1.0,sym,q5,666,0.0,0.0,0.0,0.0,0.0,0.0
ml-1m,2,Lap-EASE,rp3beta,3.0,sym,overall,6004,0.36575618115099756,0.22283848865550335,0.880413057961359,0.36659128907099714,0.32977211417930613,0.9367088607594937
ml-1m,2,Lap-EASE,rp3beta,3.0,sym,q1,5935,0.38796062259928416,0.28990716715650044,0.8854254422914911,0.404866922870538,0.4247431168364389,0.9411962931760741
ml-1m,2,Lap-EASE,rp3beta,3.0,sym,q2,4474,0.009382011514236236,0.017175072085336286,0.03822083147071972,0.017162446274001937,0.040935746609232354,0.09454626732230666
ml-1m,2,Lap-EASE,rp3beta,3.0,sym,q3,2899,0.0010704010711877483,0.0024337894293051244,0.0037944118661607453,0.0020965781663377257,0.005848212574669974,0.010003449465332874
ml-1m,2,Lap-EASE,rp3beta,3.0,sym,q4,1585,0.0,0.0,0.0,0.00016570948582788237,0.0006309148264984228,0.0006309148264984228
ml-1m,2,Lap-EASE,rp3beta,3.0,sym,q5,666,0.0,0.0,0.0,0.0,0.0,0.0
ml-1m,2,GS-EASE,rp3beta,3.0,sym,overall,6004,0.3657042039692658,0.22283172901994275,0.880413057961359,0.36657939773545756,0.32978570398199486,0.9367088607594937
ml-1m,2,GS-EASE,rp3beta,3.0,sym,q1,5935,0.38789439980093154,0.2898961138281501,0.8854254422914911,0.40484193856758466,0.4247632552644733,0.9411962931760741
ml-1m,2,GS-EASE,rp3beta,3.0,sym,q2,4474,0.009388017417187353,0.017175072085336286,0.03822083147071972,0.017170289997450756,0.040935746609232354,0.09454626732230666
ml-1m,2,GS-EASE,rp3beta,3.0,sym,q3,2899,0.0010745284148738791,0.0024337894293051244,0.0037944118661607453,0.0021007055100238565,0.005848212574669974,0.010003449465332874
ml-1m,2,GS-EASE,rp3beta,3.0,sym,q4,1585,0.0,0.0,0.0,0.00016570948582788237,0.0006309148264984228,0.0006309148264984228
ml-1m,2,GS-EASE,rp3beta,3.0,sym,q5,666,0.0,0.0,0.0,0.0,0.0,0.0
ml-1m,2,Lap-EASE,rp3beta,10.0,sym,overall,6004,0.36354761772797367,0.2194093303567428,0.8745836109260493,0.36180559948034996,0.3222745433561805,0.9322118587608261
ml-1m,2,Lap-EASE,rp3beta,10.0,sym,q1,5935,0.38689751468033196,0.2871402443147592,0.8817186183656276,0.40191319647498436,0.41927224079919045,0.9379949452401011
ml-1m,2,Lap-EASE,rp3beta,10.0,sym,q2,4474,0.006319804470199947,0.011868150810970214,0.025704067948144838,0.011247388803676405,0.027183925138354298,0.06057219490388914
ml-1m,2,Lap-EASE,rp3beta,10.0,sym,q3,2899,0.0003705238410779836,0.0003832739258748228,0.0006898930665746809,0.0012103234142594311,0.0032674102180828635,0.005519144532597447
ml-1m,2,Lap-EASE,rp3beta,10.0,sym,q4,1585,0.0,0.0,0.0,0.0,0.0,0.0
ml-1m,2,Lap-EASE,rp3beta,10.0,sym,q5,666,0.0,0.0,0.0,0.0,0.0,0.0
ml-1m,2,GS-EASE,rp3beta,10.0,sym,overall,6004,0.36364127879267727,0.21951423854168095,0.8749167221852099,0.36182840965710444,0.3221817802114422,0.9322118587608261
ml-1m,2,GS-EASE,rp3beta,10.0,sym,q1,5935,0.3870074328070982,0.28726613499246123,0.8820556023588879,0.40194826781544385,0.41917216372565086,0.9379949452401011
ml-1m,2,GS-EASE,rp3beta,10.0,sym,q2,4474,0.006354133359710726,0.011924029219553139,0.025704067948144838,0.011273179327868447,0.027211864342645758,0.06079570853822083
ml-1m,2,GS-EASE,rp3beta,10.0,sym,q3,2899,0.0003705238410779836,0.0003832739258748228,0.0006898930665746809,0.0012103234142594311,0.0032674102180828635,0.005519144532597447
ml-1m,2,GS-EASE,rp3beta,10.0,sym,q4,1585,0.0,0.0,0.0,0.0,0.0,0.0
ml-1m,2,GS-EASE,rp3beta,10.0,sym,q5,666,0.0,0.0,0.0,0.0,0.0,0.0
ml-1m,2,Lap-EASE,p3alpha,1.0,sym,overall,6004,0.36370851556341094,0.2231613705243821,0.8814123917388408,0.3658531271784549,0.3310083477903209,0.9383744170552965
ml-1m,2,Lap-EASE,p3alpha,1.0,sym,q1,5935,0.3850131389802779,0.2889324278810894,0.8859309182813816,0.40277042966977794,0.42404776998539634,0.9415332771693344
ml-1m,2,Lap-EASE,p3alpha,1.0,sym,q2,4474,0.010754755497546642,0.019860274255484693,0.04425569959767546,0.019800140407283097,0.04718953990704002,0.10929816718819849
ml-1m,2,Lap-EASE,p3alpha,1.0,sym,q3,2899,0.0015143842757001575,0.003583611206929593,0.005174197999310107,0.0027149589926083757,0.00750970504333733,0.012763021731631597
ml-1m,2,Lap-EASE,p3alpha,1.0,sym,q4,1585,0.0,0.0,0.0,0.0003116894310390869,0.0012618296529968455,0.0012618296529968455
ml-1m,2,Lap-EASE,p3alpha,1.0,sym,q5,666,0.0,0.0,0.0,0.0,0.0,0.0
ml-1m,2,GS-EASE,p3alpha,1.0,sym,overall,6004,0.363861759628882,0.2235380291858402,0.8817455029980014,0.36599446043391365,0.3313539026452148,0.938707528314457
ml-1m,2,GS-EASE,p3alpha,1.0,sym,q1,5935,0.38504610477269796,0.28931984908887515,0.8862679022746419,0.4028831512980011,0.42463139506883996,0.9417017691659646
ml-1m,2,GS-EASE,p3alpha,1.0,sym,q2,4474,0.011079068406277757,0.020463761068180267,0.04537326776933393,0.019942161887519072,0.04719754508478408,0.10929816718819849
ml-1m,2,GS-EASE,p3alpha,1.0,sym,q3,2899,0.0016027422045646691,0.003756084473573263,0.005519144532597447,0.002801042775339513,0.007653432765540389,0.013107968264918937
ml-1m,2,GS-EASE,p3alpha,1.0,sym,q4,1585,0.0,0.0,0.0,0.0003116894310390869,0.0012618296529968455,0.0012618296529968455
ml-1m,2,GS-EASE,p3alpha,1.0,sym,q5,666,0.0,0.0,0.0,0.0,0.0,0.0
ml-1m,2,Lap-EASE,p3alpha,3.0,sym,overall,6004,0.3662947933474455,0.22330579136489706,0.881578947368421,0.3670133259104892,0.3301821528019874,0.9367088607594937
ml-1m,2,Lap-EASE,p3alpha,3.0,sym,q1,5935,0.38891070090707985,0.2905678350775632,0.8869418702611626,0.40579131893652315,0.425679801024908,0.9413647851727043
ml-1m,2,Lap-EASE,p3alpha,3.0,sym,q2,4474,0.00857854894125782,0.01626122758965959,0.0348681269557443,0.016390704435603073,0.04043282290482012,0.089181940098346
ml-1m,2,Lap-EASE,p3alpha,3.0,sym,q3,2899,0.001004433186033816,0.0023188072515426773,0.0034494653328734047,0.0020439868892012133,0.005846843739220421,0.009313556398758192
ml-1m,2,Lap-EASE,p3alpha,3.0,sym,q4,1585,0.0,0.0,0.0,0.00014597994521120452,0.0006309148264984228,0.0006309148264984228
ml-1m,2,Lap-EASE,p3alpha,3.0,sym,q5,666,0.0,0.0,0.0,0.0,0.0,0.0
ml-1m,2,GS-EASE,p3alpha,3.0,sym,overall,6004,0.36626208164634433,0.22325939384313936,0.8807461692205196,0.3673616722646148,0.3308817957302426,0.9373750832778148
ml-1m,2,GS-EASE,p3alpha,3.0,sym,q1,5935,0.3886735416029356,0.29029244927308356,0.8860994102780118,0.40596651878378615,0.4262445081153679,0.9417017691659646
ml-1m,2,GS-EASE,p3alpha,3.0,sym,q2,4474,0.008912904256109674,0.01655614141273613,0.03553866785873938,0.016916779687213997,0.04139143601475196,0.09074653553866786
ml-1m,2,GS-EASE,p3alpha,3.0,sym,q3,2899,0.001263661228513782,0.003123682495879805,0.004484304932735426,0.0020256432722148,0.005588133839254915,0.009313556398758192
ml-1m,2,GS-EASE,p3alpha,3.0,sym,q4,1585,0.0,0.0,0.0,0.0001577287066246057,0.0006309148264984228,0.0006309148264984228
ml-1m,2,GS-EASE,p3alpha,3.0,sym,q5,666,0.0,0.0,0.0,0.0,0.0,0.0
ml-1m,2,Lap-EASE,p3alpha,10.0,sym,overall,6004,0.3644678093982338,0.21984712877951706,0.8739173884077281,0.36218928687947294,0.3224935186759019,0.9325449700199867
ml-1m,2,Lap-EASE,p3alpha,10.0,sym,q1,5935,0.3883202055023031,0.2879851782712033,0.8817186183656276,0.4028793158692727,0.41992369188187667,0.9386689132266217
ml-1m,2,Lap-EASE,p3alpha,10.0,sym,q2,4474,0.0054062072950294875,0.010722861845566258,0.020786767992847562,0.01005178409882687,0.02512150744455082,0.052078676799284754
ml-1m,2,Lap-EASE,p3alpha,10.0,sym,q3,2899,0.0002420439856131556,0.0003832739258748228,0.0006898930665746809,0.0009023042254762668,0.0026924993292706295,0.004139358399448086
ml-1m,2,Lap-EASE,p3alpha,10.0,sym,q4,1585,0.0,0.0,0.0,0.0,0.0,0.0
ml-1m,2,Lap-EASE,p3alpha,10.0,sym,q5,666,0.0,0.0,0.0,0.0,0.0,0.0
ml-1m,2,GS-EASE,p3alpha,10.0,sym,overall,6004,0.3655237349843191,0.22088117850906333,0.8775816122584943,0.36417774654454865,0.32520514492363367,0.9348767488341105
ml-1m,2,GS-EASE,p3alpha,10.0,sym,q1,5935,0.38936598734622024,0.28959700031761154,0.8850884582982308,0.4047829047100211,0.42306751201243314,0.9406908171861836
ml-1m,2,GS-EASE,p3alpha,10.0,sym,q2,4474,0.005947437789966852,0.011518899364893897,0.02212784979883773,0.010937393298833697,0.026952777502864716,0.05632543585158695
ml-1m,2,GS-EASE,p3alpha,10.0,sym,q3,2899,0.0003693534876581858,0.0003832739258748228,0.0006898930665746809,0.0011362452308880508,0.003123682495879805,0.004484304932735426
ml-1m,2,GS-EASE,p3alpha,10.0,sym,q4,1585,0.0,0.0,0.0,0.0,0.0,0.0
ml-1m,2,GS-EASE,p3alpha,10.0,sym,q5,666,0.0,0.0,0.0,0.0,0.0,0.0
ml-1m,2,Lap-EASE,itemknn,1.0,sym,overall,6004,0.36404852277570343,0.22332348363131366,0.8814123917388408,0.36584219842932963,0.33112446240091115,0.9388740839440373
ml-1m,2,Lap-EASE,itemknn,1.0,sym,q1,5935,0.3851175396156427,0.289004463988949,0.8857624262847514,0.40267667646673483,0.42431576596650855,0.9420387531592249
ml-1m,2,Lap-EASE,itemknn,1.0,sym,q2,4474,0.011064199858135868,0.02006578456409116,0.046714349575324096,0.01999072662800941,0.04728415196845984,0.11041573535985695
ml-1m,2,Lap-EASE,itemknn,1.0,sym,q3,2899,0.0015699354480097163,0.003698593384692039,0.005519144532597447,0.002886980187009305,0.008055870387708953,0.013452914798206279
ml-1m,2,Lap-EASE,itemknn,1.0,sym,q4,1585,0.0,0.0,0.0,0.0003116894310390869,0.0012618296529968455,0.0012618296529968455
ml-1m,2,Lap-EASE,itemknn,1.0,sym,q5,666,0.0,0.0,0.0,0.0,0.0,0.0
ml-1m,2,GS-EASE,itemknn,1.0,sym,overall,6004,0.2756601880594737,0.17228878804109793,0.8189540306462358,0.28371975477352834,0.26761158380386396,0.9033977348434377
ml-1m,2,GS-EASE,itemknn,1.0,sym,q1,5935,0.2717285583037312,0.2089015408663569,0.8030328559393429,0.2908643457610276,0.3224983137934608,0.893681550126369
ml-1m,2,GS-EASE,itemknn,1.0,sym,q2,4474,0.0398957664425204,0.05831661876847741,0.16875279392042913,0.0551071502804784,0.10450206580660731,0.27760393383996423
ml-1m,2,GS-EASE,itemknn,1.0,sym,q3,2899,0.011566999765916406,0.019661130701956138,0.04277337012763022,0.01836809168261866,0.04070710599387606,0.08934115212142119
ml-1m,2,GS-EASE,itemknn,1.0,sym,q4,1585,0.003140268304072042,0.005046840646209731,0.00946372239747634,0.004962486569478418,0.011202954511314133,0.01829652996845426
ml-1m,2,GS-EASE,itemknn,1.0,sym,q5,666,0.0008877405477823239,0.0022522522522522522,0.003003003003003003,0.0017105130566521414,0.00503003003003003,0.009009009009009009
ml-1m,2,Lap-EASE,itemknn,3.0,sym,overall,6004,0.3657758969443342,0.2227101770962066,0.8794137241838774,0.36650090622310955,0.3295086409133051,0.9353764157228515
ml-1m,2,Lap-EASE,itemknn,3.0,sym,q1,5935,0.3880338264842582,0.28971270579272773,0.8847514743049705,0.4048784701574362,0.4244861073845162,0.9401853411962932
ml-1m,2,Lap-EASE,itemknn,3.0,sym,q2,4474,0.009008142125761016,0.016569359812212303,0.03822083147071972,0.016761278781443973,0.04032469759223171,0.09432275368797496
ml-1m,2,Lap-EASE,itemknn,3.0,sym,q3,2899,0.001056205126204287,0.0024337894293051244,0.0037944118661607453,0.0021165156401528177,0.00596319475243242,0.010348395998620214
ml-1m,2,Lap-EASE,itemknn,3.0,sym,q4,1585,0.0,0.0,0.0,0.00015130124073699147,0.0006309148264984228,0.0006309148264984228
ml-1m,2,Lap-EASE,itemknn,3.0,sym,q5,666,0.0,0.0,0.0,0.0,0.0,0.0
ml-1m,2,GS-EASE,itemknn,3.0,sym,overall,6004,0.21438799634507927,0.12786190240215425,0.7258494337108594,0.22128626241070998,0.20669977588752778,0.8371085942704863
ml-1m,2,GS-EASE,itemknn,3.0,sym,q1,5935,0.20061986744454202,0.1507969968188697,0.6931760741364785,0.21630278466922193,0.24167742326218702,0.8133108677337827
ml-1m,2,GS-EASE,itemknn,3.0,sym,q2,4474,0.04644030546050184,0.06459909000218417,0.19177469825659366,0.06258768054396921,0.11449477987185719,0.30330800178810907
ml-1m,2,GS-EASE,itemknn,3.0,sym,q3,2899,0.015383460412915427,0.02514898086962532,0.06174542945843394,0.022566661950559053,0.047321168240005027,0.11003794411866161
ml-1m,2,GS-EASE,itemknn,3.0,sym,q4,1585,0.004653018696642054,0.00770663484780204,0.015772870662460567,0.007423377873464778,0.016847388941237523,0.032176656151419555
ml-1m,2,GS-EASE,itemknn,3.0,sym,q5,666,0.0017282432243823777,0.00427927927927928,0.0075075075075075074,0.002686975655813012,0.008033033033033033,0.012012012012012012
ml-1m,2,Lap-EASE,itemknn,10.0,sym,overall,6004,0.3633138574190368,0.21905528686471964,0.8732511658894071,0.36174644697862857,0.32238634892900697,0.9333777481678881
ml-1m,2,Lap-EASE,itemknn,10.0,sym,q1,5935,0.38678913262412673,0.28682593959990144,0.8807076663858466,0.40196431369622593,0.4194272301016309,0.9391743892165122
ml-1m,2,Lap-EASE,itemknn,10.0,sym,q2,4474,0.006022571053845178,0.011214374627346079,0.024586499776486366,0.011030015289036067,0.026849191595290933,0.06079570853822083
ml-1m,2,Lap-EASE,itemknn,10.0,sym,q3,2899,0.00024321433903295346,0.0003832739258748228,0.0006898930665746809,0.0010996523660419565,0.0033166882942667693,0.005864091065884788
ml-1m,2,Lap-EASE,itemknn,10.0,sym,q4,1585,0.0,0.0,0.0,0.0,0.0,0.0
ml-1m,2,Lap-EASE,itemknn,10.0,sym,q5,666,0.0,0.0,0.0,0.0,0.0,0.0
ml-1m,2,GS-EASE,itemknn,10.0,sym,overall,6004,0.20985318923571933,0.12412667054314609,0.7168554297135243,0.21619025046939455,0.20054654016285414,0.8281145902731513
ml-1m,2,GS-EASE,itemknn,10.0,sym,q1,5935,0.19628814401104108,0.14733244960160083,0.6840775063184499,0.21155300740075256,0.2363351296669282,0.8038753159224937
ml-1m,2,GS-EASE,itemknn,10.0,sym,q2,4474,0.0450629207523283,0.060715128442909126,0.18819848010728654,0.060320996077699925,0.10743395470349612,0.2948144836835047
ml-1m,2,GS-EASE,itemknn,10.0,sym,q3,2899,0.013793750284658717,0.021887031747541877,0.057261124525698516,0.0208605533430574,0.04369280531519141,0.10520869265263884
ml-1m,2,GS-EASE,itemknn,10.0,sym,q4,1585,0.0034371260860162206,0.005827034427192156,0.013249211356466877,0.0059710729705603795,0.0138254109192595,0.03028391167192429
ml-1m,2,GS-EASE,itemknn,10.0,sym,q5,666,0.0018155695357968725,0.00427927927927928,0.0075075075075075074,0.0027397902476746683,0.008033033033033033,0.012012012012012012
ml-1m,2,Lap-EASE,binary,1.0,sym,overall,6004,0.36379928958340735,0.2232193299586788,0.8814123917388408,0.36578660916748795,0.3305552009090323,0.9378747501665556
ml-1m,2,Lap-EASE,binary,1.0,sym,q1,5935,0.3851460532105497,0.2889746403929868,0.8859309182813816,0.40283424222790387,0.42372648082315834,0.9413647851727043
ml-1m,2,Lap-EASE,binary,1.0,sym,q2,4474,0.010680860519631612,0.019843253820686448,0.04425569959767546,0.019581627930129474,0.04673478328988103,0.10818059901654001
ml-1m,2,Lap-EASE,binary,1.0,sym,q3,2899,0.0015143842757001575,0.003583611206929593,0.005174197999310107,0.0025365672143185204,0.0068198119767626485,0.011728182131769576
ml-1m,2,Lap-EASE,binary,1.0,sym,q4,1585,0.0,0.0,0.0,0.0003116894310390869,0.0012618296529968455,0.0012618296529968455
ml-1m,2,Lap-EASE,binary,1.0,sym,q5,666,0.0,0.0,0.0,0.0,0.0,0.0
ml-1m,2,GS-EASE,binary,1.0,sym,overall,6004,0.10501092260348396,0.05311434168785824,0.45019986675549634,0.10844532700129132,0.09077031291904337,0.5909393737508328
ml-1m,2,GS-EASE,binary,1.0,sym,q1,5935,0.1047351436060549,0.06850834640214415,0.43605728727885423,0.11182909743328284,0.11450974420725704,0.5706823925863521
ml-1m,2,GS-EASE,binary,1.0,sym,q2,4474,0.014546026097452695,0.02188494428748019,0.07018328118015199,0.022320781027393443,0.0436502272026867,0.13880196691998212
ml-1m,2,GS-EASE,binary,1.0,sym,q3,2899,0.0009681051256756211,0.001586754053121766,0.0034494653328734047,0.0016099321114880756,0.00347957971276357,0.008623663332183512
ml-1m,2,GS-EASE,binary,1.0,sym,q4,1585,0.0,0.0,0.0,0.0003444358365166418,0.0012618296529968455,0.0018927444794952682
ml-1m,2,GS-EASE,binary,1.0,sym,q5,666,0.0,0.0,0.0,0.0,0.0,0.0
ml-1m,2,Lap-EASE,binary,3.0,sym,overall,6004,0.3662027773371621,0.22314101191389615,0.8807461692205196,0.3668762805989071,0.3299011107736239,0.9363757495003331
ml-1m,2,Lap-EASE,binary,3.0,sym,q1,5935,0.38898212852033265,0.290554273082959,0.8862679022746419,0.40592240371455374,0.4259142793344754,0.9411962931760741
ml-1m,2,Lap-EASE,binary,3.0,sym,q2,4474,0.008216495637617147,0.015726391393223033,0.03375055878408583,0.015824922016331365,0.03902442092087053,0.08739383102369244
ml-1m,2,Lap-EASE,binary,3.0,sym,q3,2899,0.0009382797491937493,0.0021463339848990072,0.003104518799586064,0.0019810794914462025,0.00567437047257675,0.008968609865470852
ml-1m,2,Lap-EASE,binary,3.0,sym,q4,1585,0.0,0.0,0.0,0.0,0.0,0.0
ml-1m,2,Lap-EASE,binary,3.0,sym,q5,666,0.0,0.0,0.0,0.0,0.0,0.0
ml-1m,2,GS-EASE,binary,3.0,sym,overall,6004,0.10291748468265233,0.04841987611028142,0.4355429713524317,0.10290707293681046,0.07995236490150487,0.5547968021319121
ml-1m,2,GS-EASE,binary,3.0,sym,q1,5935,0.10368647632967051,0.06453080588246955,0.4230834035383319,0.10729732744657224,0.10396452398387207,0.5378264532434709
ml-1m,2,GS-EASE,binary,3.0,sym,q2,4474,0.01254937715087479,0.02002297481532307,0.06459544032185964,0.01937772189346694,0.0384496964023718,0.12561466249441217
ml-1m,2,GS-EASE,binary,3.0,sym,q3,2899,0.0006428694014259485,0.0011268253420719787,0.002414625733011383,0.0013235443568713455,0.0032290828254953816,0.0075888237323214905
ml-1m,2,GS-EASE,binary,3.0,sym,q4,1585,0.0,0.0,0.0,0.0002605034505916375,0.0009463722397476341,0.0012618296529968455
ml-1m,2,GS-EASE,binary,3.0,sym,q5,666,0.0,0.0,0.0,0.0,0.0,0.0
ml-1m,2,Lap-EASE,binary,10.0,sym,overall,6004,0.3642959968910353,0.21922998786459577,0.8734177215189873,0.3620767709239547,0.3220652610164453,0.9317121918720853
ml-1m,2,Lap-EASE,binary,10.0,sym,q1,5935,0.3880924296116756,0.28704803482940167,0.881044650379107,0.40286522022404997,0.4196978745024474,0.9378264532434709
ml-1m,2,Lap-EASE,binary,10.0,sym,q2,4474,0.005232027616893534,0.010273971963283439,0.019445686186857398,0.009710916784046357,0.024292498464864812,0.05006705409029951
ml-1m,2,Lap-EASE,binary,10.0,sym,q3,2899,0.0002410738718488266,0.0003832739258748228,0.0006898930665746809,0.0008091407610831514,0.002347552795983289,0.0037944118661607453
ml-1m,2,Lap-EASE,binary,10.0,sym,q4,1585,0.0,0.0,0.0,0.0,0.0,0.0
ml-1m,2,Lap-EASE,binary,10.0,sym,q5,666,0.0,0.0,0.0,0.0,0.0,0.0
ml-1m,2,GS-EASE,binary,10.0,sym,overall,6004,0.12771536488252477,0.06166401570673879,0.5073284477015323,0.1252243291780181,0.09717796738056873,0.6135909393737509
ml-1m,2,GS-EASE,binary,10.0,sym,q1,5935,0.13163730685231984,0.08383169711287387,0.49856781802864364,0.13385770562198587,0.12841606324042834,0.6023588879528222
ml-1m,2,GS-EASE,binary,10.0,sym,q2,4474,0.010676493587541455,0.018531689204137617,0.0583370585605722,0.018037534687590947,0.039155281862721394,0.12069736253911488
ml-1m,2,GS-EASE,binary,10.0,sym,q3,2899,0.0004997864016010198,0.0009888467287570426,0.0017247326664367024,0.001014396672141288,0.0028630562262849262,0.005174197999310107
ml-1m,2,GS-EASE,binary,10.0,sym,q4,1585,0.0,0.0,0.0,0.00017598924015844157,0.0006309148264984228,0.0006309148264984228
ml-1m,2,GS-EASE,binary,10.0,sym,q5,666,0.0,0.0,0.0,0.0,0.0,0.0
ml-1m,3,EASE,,0.0,,overall,6013,0.35706225986659396,0.21893095713123753,0.8726093464160984,0.35794709456288604,0.3234195007622611,0.9248295360053218
ml-1m,3,EASE,,0.0,,q1,5943,0.3775981492066603,0.28245090118293675,0.8768298838970217,0.3934147537746468,0.4121176630744462,0.9276459700487969
ml-1m,3,EASE,,0.0,,q2,4400,0.013381095261004788,0.02393561338061657,0.060454545454545455,0.023523328930981996,0.054508267336010253,0.13045454545454546
ml-1m,3,EASE,,0.0,,q3,2896,0.0012368417580338948,0.0028117600631412786,0.004834254143646409,0.002928341513667897,0.008437746645619573,0.014157458563535912
ml-1m,3,EASE,,0.0,,q4,1678,0.0005550180183110073,0.0010429082240762813,0.0017878426698450535,0.0005550180183110073,0.0010429082240762813,0.0017878426698450535
ml-1m,3,EASE,,0.0,,q5,698,0.0,0.0,0.0,0.0,0.0,0.0
ml-1m,3,Lap-EASE,rp3beta,1.0,sym,overall,6013,0.3603899929188662,0.21932688856241497,0.8712788957259272,0.36159691111796943,0.3254263989898727,0.9253284550141361
ml-1m,3,Lap-EASE,rp3beta,1.0,sym,q1,5943,0.38180059566054103,0.28400114934553194,0.8761568231532896,0.3984825476046359,0.41654710557178554,0.9294968870940602
ml-1m,3,Lap-EASE,rp3beta,1.0,sym,q2,4400,0.01187461827183448,0.0217066496296242,0.053636363636363635,0.020920256449702853,0.04880694934501715,0.11681818181818182
ml-1m,3,Lap-EASE,rp3beta,1.0,sym,q3,2896,0.0010099567478874217,0.0022074782951854773,0.004143646408839779,0.0023494693094774583,0.006642166535122336,0.011049723756906077
ml-1m,3,Lap-EASE,rp3beta,1.0,sym,q4,1678,0.0005560319160354308,0.0010429082240762813,0.0017878426698450535,0.0005560319160354308,0.0010429082240762813,0.0017878426698450535
ml-1m,3,Lap-EASE,rp3beta,1.0,sym,q5,698,0.0,0.0,0.0,0.0,0.0,0.0
ml-1m,3,GS-EASE,rp3beta,1.0,sym,overall,6013,0.3603826722249729,0.2193215238418901,0.8712788957259272,0.36159583629773434,0.32540468133890077,0.9253284550141361
ml-1m,3,GS-EASE,rp3beta,1.0,sym,q1,5943,0.38179329903833614,0.28399491730160853,0.8761568231532896,0.3984735839432213,0.41651235515295154,0.9294968870940602
ml-1m,3,GS-EASE,rp3beta,1.0,sym,q2,4400,0.01187461827183448,0.0217066496296242,0.053636363636363635,0.020937311563051716,0.04884482813289594,0.11681818181818182
ml-1m,3,GS-EASE,rp3beta,1.0,sym,q3,2896,0.0010099567478874217,0.0022074782951854773,0.004143646408839779,0.0023494693094774583,0.006642166535122336,0.011049723756906077
ml-1m,3,GS-EASE,rp3beta,1.0,sym,q4,1678,0.0005560319160354308,0.0010429082240762813,0.0017878426698450535,0.0005560319160354308,0.0010429082240762813,0.0017878426698450535
ml-1m,3,GS-EASE,rp3beta,1.0,sym,q5,698,0.0,0.0,0.0,0.0,0.0,0.0
ml-1m,3,Lap-EASE,rp3beta,3.0,sym,overall,6013,0.36219828753000904,0.21917281670413255,0.8682853816730417,0.3625213894256538,0.324628775176676,0.9261599866954932
ml-1m,3,Lap-EASE,rp3beta,3.0,sym,q1,5943,0.38463425984535327,0.28491940590346176,0.8743059061080263,0.4005868519599001,0.41739450672604833,0.9305064782096584
ml-1m,3,Lap-EASE,rp3beta,3.0,sym,q2,4400,0.009502991994646489,0.0169952205222328,0.04022727272727273,0.01823427407861842,0.04361196905962389,0.10068181818181818
ml-1m,3,Lap-EASE,rp3beta,3.0,sym,q3,2896,0.0007186228466330499,0.0015168705603788475,0.003107734806629834,0.0017245522801826569,0.004771770586687714,0.008287292817679558
ml-1m,3,Lap-EASE,rp3beta,3.0,sym,q4,1678,0.0002979737783075089,0.0005959475566150178,0.0005959475566150178,0.0004550512298614005,0.0010429082240762813,0.0017878426698450535
ml-1m,3,Lap-EASE,rp3beta,3.0,sym,q5,698,0.0,0.0,0.0,0.0,0.0,0.0
ml-1m,3,GS-EASE,rp3beta,3.0,sym,overall,6013,0.36224209812331154,0.21921312608796575,0.8682853816730417,0.3625347060792266,0.3246177579642031,0.9261599866954932
ml-1m,3,GS-EASE,rp3beta,3.0,sym,q1,5943,0.3846862971709984,0.2849805393299992,0.8743059061080263,0.40059817592928143,0.4173817842363802,0.9305064782096584
ml-1m,3,GS-EASE,rp3beta,3.0,sym,q2,4400,0.00949958098249887,0.0169952205222328,0.04022727272727273,0.018243847116256838,0.0436271205747754,0.1009090909090909
ml-1m,3,GS-EASE,rp3beta,3.0,sym,q3,2896,0.0007186228466330499,0.0015168705603788475,0.003107734806629834,0.0017259440965524356,0.004771770586687714,0.008287292817679558
ml-1m,3,GS-EASE,rp3beta,3.0,sym,q4,1678,0.0002979737783075089,0.0005959475566150178,0.0005959475566150178,0.0004550512298614005,0.0010429082240762813,0.0017878426698450535
ml-1m,3,GS-EASE,rp3beta,3.0,sym,q5,698,0.0,0.0,0.0,0.0,0.0,0.0
ml-1m,3,Lap-EASE,rp3beta,10.0,sym,overall,6013,0.3572518275960121,0.21352867825086877,0.8641277232662564,0.35588195088974084,0.3161607302124457,0.9221686346249792
ml-1m,3,Lap-EASE,rp3beta,10.0,sym,q1,5943,0.3804351114593163,0.2796139092229942,0.8717819283190308,0.3951414600457444,0.41002260281830166,0.928319030792529
ml-1m,3,Lap-EASE,rp3beta,10.0,sym,q2,4400,0.006543168471886858,0.012290999461911596,0.025454545454545455,0.012402067654985418,0.030559680572225006,0.06636363636363636
ml-1m,3,Lap-EASE,rp3beta,10.0,sym,q3,2896,0.00023700872447309532,0.0004809589581689029,0.0013812154696132596,0.0012025849301043818,0.003724348855564325,0.006215469613259668
ml-1m,3,Lap-EASE,rp3beta,10.0,sym,q4,1678,0.0,0.0,0.0,0.00014898688915375446,0.0005959475566150178,0.0005959475566150178
ml-1m,3,Lap-EASE,rp3beta,10.0,sym,q5,698,0.0,0.0,0.0,0.0,0.0,0.0
ml-1m,3,GS-EASE,rp3beta,10.0,sym,overall,6013,0.35731458491552304,0.21364210569437958,0.8642940296025279,0.35592157922383816,0.3161840892202031,0.9221686346249792
ml-1m,3,GS-EASE,rp3beta,10.0,sym,q1,5943,0.38047633800607056,0.2796752254955039,0.8719501935049638,0.39518025054111655,0.41003038731965874,0.928319030792529
ml-1m,3,GS-EASE,rp3beta,10.0,sym,q2,4400,0.00658973387212749,0.012384239555151689,0.025454545454545455,0.012415174325694263,0.030578619966164396,0.06613636363636363
ml-1m,3,GS-EASE,rp3beta,10.0,sym,q3,2896,0.00023700872447309532,0.0004809589581689029,0.0013812154696132596,0.0012044321185994697,0.003724348855564325,0.006215469613259668
ml-1m,3,GS-EASE,rp3beta,10.0,sym,q4,1678,0.0,0.0,0.0,0.00014898688915375446,0.0005959475566150178,0.0005959475566150178
ml-1m,3,GS-EASE,rp3beta,10.0,sym,q5,698,0.0,0.0,0.0,0.0,0.0,0.0
ml-1m,3,Lap-EASE,p3alpha,1.0,sym,overall,6013,0.36045097218667577,0.2191657655826114,0.8712788957259272,0.36153229151848304,0.3251073257149229,0.9249958423415933
ml-1m,3,Lap-EASE,p3alpha,1.0,sym,q1,5943,0.38206225335258837,0.28397026236728684,0.8763250883392226,0.39871979509022,0.41651098863519714,0.9294968870940602
ml-1m,3,Lap-EASE,p3alpha,1.0,sym,q2,4400,0.011484402119739045,0.021040202550133644,0.05227272727272727,0.02040400838127771,0.04786324335223369,0.11409090909090909
ml-1m,3,Lap-EASE,p3alpha,1.0,sym,q3,2896,0.0009818595262535337,0.0022074782951854773,0.004143646408839779,0.0022811323894923515,0.006527065245987898,0.010704419889502763
ml-1m,3,Lap-EASE,p3alpha,1.0,sym,q4,1678,0.0005560319160354308,0.0010429082240762813,0.0017878426698450535,0.0005560319160354308,0.0010429082240762813,0.0017878426698450535
ml-1m,3,Lap-EASE,p3alpha,1.0,sym,q5,698,0.0,0.0,0.0,0.0,0.0,0.0
ml-1m,3,GS-EASE,p3alpha,1.0,sym,overall,6013,0.36075916898141897,0.21961697547494227,0.87161150839847,0.36157412992788196,0.3252011066500821,0.9251621486778646
ml-1m,3,GS-EASE,p3alpha,1.0,sym,q1,5943,0.3822634986609234,0.2843697106396053,0.8766616187110887,0.3986672489514549,0.4165382786081025,0.9293286219081273
ml-1m,3,GS-EASE,p3alpha,1.0,sym,q2,4400,0.011790839680791263,0.02164782957223435,0.053409090909090906,0.02063992265084983,0.04827165363636722,0.11568181818181818
ml-1m,3,GS-EASE,p3alpha,1.0,sym,q3,2896,0.0009799137080166768,0.0022074782951854773,0.004143646408839779,0.00231318524232213,0.006538575374901341,0.011395027624309393
ml-1m,3,GS-EASE,p3alpha,1.0,sym,q4,1678,0.0005516598004242744,0.0010429082240762813,0.0017878426698450535,0.0005516598004242744,0.0010429082240762813,0.0017878426698450535
ml-1m,3,GS-EASE,p3alpha,1.0,sym,q5,698,0.0,0.0,0.0,0.0,0.0,0.0
ml-1m,3,Lap-EASE,p3alpha,3.0,sym,overall,6013,0.3620712892861149,0.21900228021207185,0.8679527690004989,0.3625171797723579,0.32452019892064593,0.9259936803592217
ml-1m,3,Lap-EASE,p3alpha,3.0,sym,q1,5943,0.38471410499228015,0.28487020681579184,0.8741376409220932,0.400870429829069,0.41745621394539995,0.9305064782096584
ml-1m,3,Lap-EASE,p3alpha,3.0,sym,q2,4400,0.009025195240608418,0.016287572399532515,0.037954545454545456,0.017558810562563205,0.042604632731505644,0.09545454545454546
ml-1m,3,Lap-EASE,p3alpha,3.0,sym,q3,2896,0.0006853032381271108,0.0015168705603788475,0.003107734806629834,0.001656176873550835,0.0047027098132070505,0.007941988950276244
ml-1m,3,Lap-EASE,p3alpha,3.0,sym,q4,1678,0.0002979737783075089,0.0005959475566150178,0.0005959475566150178,0.00044139353000834715,0.0010429082240762813,0.0017878426698450535
ml-1m,3,Lap-EASE,p3alpha,3.0,sym,q5,698,0.0,0.0,0.0,0.0,0.0,0.0
ml-1m,3,GS-EASE,p3alpha,3.0,sym,overall,6013,0.3626112238954608,0.21934388962918971,0.868784300681856,0.3628759511265251,0.32484681829880085,0.9258273740229502
ml-1m,3,GS-EASE,p3alpha,3.0,sym,q1,5943,0.38515425805361597,0.2850078299578559,0.8744741712939593,0.4012330799796398,0.4177778049750065,0.9305064782096584
ml-1m,3,GS-EASE,p3alpha,3.0,sym,q2,4400,0.009397311108390918,0.01738226936922948,0.03931818181818182,0.017751726975202713,0.04285769326876796,0.09727272727272727
ml-1m,3,GS-EASE,p3alpha,3.0,sym,q3,2896,0.0007962729080122074,0.0018621744277821624,0.003453038674033149,0.0017522626236547358,0.0050480136806103654,0.008287292817679558
ml-1m,3,GS-EASE,p3alpha,3.0,sym,q4,1678,0.0002979737783075089,0.0005959475566150178,0.0005959475566150178,0.000444286939196094,0.0010429082240762813,0.0017878426698450535
ml-1m,3,GS-EASE,p3alpha,3.0,sym,q5,698,0.0,0.0,0.0,0.0,0.0,0.0
ml-1m,3,Lap-EASE,p3alpha,10.0,sym,overall,6013,0.3573067516474171,0.21289390577755468,0.8626309662398137,0.35614451221479476,0.31629918242808397,0.9223349409612506
ml-1m,3,Lap-EASE,p3alpha,10.0,sym,q1,5943,0.38084439192425007,0.2791827633375971,0.8704358068315665,0.39609574739585746,0.41110222258708035,0.9288238263503281
ml-1m,3,Lap-EASE,p3alpha,10.0,sym,q2,4400,0.005763200587888936,0.01130939471878467,0.022045454545454545,0.010946768231716832,0.027624177973892668,0.057045454545454545
ml-1m,3,Lap-EASE,p3alpha,10.0,sym,q3,2896,0.00016355382780941258,0.00030830702446724546,0.0010359116022099447,0.0010241114234239902,0.003329715864246251,0.005870165745856353
ml-1m,3,Lap-EASE,p3alpha,10.0,sym,q4,1678,0.0,0.0,0.0,0.00014579889279989634,0.0005959475566150178,0.0005959475566150178
ml-1m,3,Lap-EASE,p3alpha,10.0,sym,q5,698,0.0,0.0,0.0,0.0,0.0,0.0
ml-1m,3,GS-EASE,p3alpha,10.0,sym,overall,6013,0.35938911313218835,0.214293369835494,0.864792948611342,0.3584283500414365,0.3189555143982542,0.9246632296690503
ml-1m,3,GS-EASE,p3alpha,10.0,sym,q1,5943,0.38299202970884444,0.28088321305575314,0.8724549890627629,0.39856352760828956,0.4143351140465443,0.9310112737674575
ml-1m,3,GS-EASE,p3alpha,10.0,sym,q2,4400,0.0062508067964290575,0.011937838244955468,0.02431818181818182,0.01185472134942727,0.029535582356692035,0.06136363636363636
ml-1m,3,GS-EASE,p3alpha,10.0,sym,q3,2896,0.0002578671388180211,0.0004809589581689029,0.0013812154696132596,0.0011411874702587455,0.0034653709550118384,0.005870165745856353
ml-1m,3,GS-EASE,p3alpha,10.0,sym,q4,1678,0.0,0.0,0.0,0.00015652534865148604,0.0005959475566150178,0.0005959475566150178
ml-1m,3,GS-EASE,p3alpha,10.0,sym,q5,698,0.0,0.0,0.0,0.0,0.0,0.0
ml-1m,3,Lap-EASE,itemknn,1.0,sym,overall,6013,0.3603508523608276,0.21948205018746272,0.8712788957259272,0.36152966867793335,0.32547392666980823,0.9256610676866789
ml-1m,3,Lap-EASE,itemknn,1.0,sym,q1,5943,0.38174011423025256,0.28419909199001275,0.8761568231532896,0.3983973660440459,0.41658467079401407,0.9298334174659263
ml-1m,3,Lap-EASE,itemknn,1.0,sym,q2,4400,0.011838002456855774,0.0215650277834569,0.053863636363636364,0.020910734520818878,0.04886645759853357,0.11704545454545455
ml-1m,3,Lap-EASE,itemknn,1.0,sym,q3,2896,0.0010099567478874217,0.0022074782951854773,0.004143646408839779,0.002274822692963171,0.006308001502151387,0.011049723756906077
ml-1m,3,Lap-EASE,itemknn,1.0,sym,q4,1678,0.0005560319160354308,0.0010429082240762813,0.0017878426698450535,0.0005560319160354308,0.0010429082240762813,0.0017878426698450535
ml-1m,3,Lap-EASE,itemknn,1.0,sym,q5,698,0.0,0.0,0.0,0.0,0.0,0.0
ml-1m,3,GS-EASE,itemknn,1.0,sym,overall,6013,0.27463580435307744,0.1691883246014662,0.8045900548810909,0.281121772132685,0.2627553969088849,0.8920671877598536
ml-1m,3,GS-EASE,itemknn,1.0,sym,q1,5943,0.27149963662741877,0.20716899257480198,0.7895002523977789,0.2892589865936709,0.3166347823915651,0.8822143698468787
ml-1m,3,GS-EASE,itemknn,1.0,sym,q2,4400,0.041144138924605216,0.05662201384668371,0.17068181818181818,0.055332474675412045,0.10081506081274266,0.2715909090909091
ml-1m,3,GS-EASE,itemknn,1.0,sym,q3,2896,0.00955754148960798,0.01672927751109307,0.0393646408839779,0.015598944421486552,0.035354800095998035,0.07976519337016574
ml-1m,3,GS-EASE,itemknn,1.0,sym,q4,1678,0.002363957901751732,0.004574606958397185,0.008939213349225268,0.003828949938559489,0.009492593223224927,0.01728247914183552
ml-1m,3,GS-EASE,itemknn,1.0,sym,q5,698,0.001445918290667282,0.004297994269340974,0.004297994269340974,0.001812620331942089,0.0057306590257879654,0.0057306590257879654
ml-1m,3,Lap-EASE,itemknn,3.0,sym,overall,6013,0.36214791173396216,0.2191562324945389,0.8686179943455846,0.3624561104041721,0.3247291811342604,0.9266589057043073
ml-1m,3,Lap-EASE,itemknn,3.0,sym,q1,5943,0.38450967699138,0.28486793762105383,0.8746424364798923,0.4004542954601807,0.4175095265885297,0.9310112737674575
ml-1m,3,Lap-EASE,itemknn,3.0,sym,q2,4400,0.009505458732981137,0.016795692345730934,0.04022727272727273,0.018282940043991756,0.043577276048944034,0.10068181818181818
ml-1m,3,Lap-EASE,itemknn,3.0,sym,q3,2896,0.0007227824156679716,0.0015168705603788475,0.003107734806629834,0.0017280004290899198,0.004771770586687714,0.008287292817679558
ml-1m,3,Lap-EASE,itemknn,3.0,sym,q4,1678,0.0002979737783075089,0.0005959475566150178,0.0005959475566150178,0.0004510493747908613,0.0010429082240762813,0.0017878426698450535
ml-1m,3,Lap-EASE,itemknn,3.0,sym,q5,698,0.0,0.0,0.0,0.0,0.0,0.0
ml-1m,3,GS-EASE,itemknn,3.0,sym,overall,6013,0.21425620510089086,0.12797472383219635,0.7179444536836853,0.2217995370156419,0.20726929550068995,0.8310327623482454
ml-1m,3,GS-EASE,itemknn,3.0,sym,q1,5943,0.20083716781757088,0.15132276458193838,0.6841662460037018,0.21748140063755877,0.24254516759916456,0.806495036177015
ml-1m,3,GS-EASE,itemknn,3.0,sym,q2,4400,0.04846020902969021,0.06500762017962043,0.1965909090909091,0.0636129703016803,0.11218389114673633,0.3043181818181818
ml-1m,3,GS-EASE,itemknn,3.0,sym,q3,2896,0.01332981546540703,0.022196128026101023,0.0531767955801105,0.020600590236888722,0.044650944056732776,0.10531767955801105
ml-1m,3,GS-EASE,itemknn,3.0,sym,q4,1678,0.0033625588322999883,0.00561325841421193,0.011918951132300357,0.005888990216786345,0.013750992430454844,0.027413587604290822
ml-1m,3,GS-EASE,itemknn,3.0,sym,q5,698,0.0023050611927386087,0.005881884750079592,0.008595988538681949,0.0022420105119578936,0.005881884750079592,0.008595988538681949
ml-1m,3,Lap-EASE,itemknn,10.0,sym,overall,6013,0.3569157724233284,0.21289914042513863,0.863129885248628,0.35581572084266816,0.3162702006286946,0.9223349409612506
ml-1m,3,Lap-EASE,itemknn,10.0,sym,q1,5943,0.38017487827398727,0.2791310023727854,0.8707723372034326,0.3952581920781157,0.4104396052139194,0.9286555611643951
ml-1m,3,Lap-EASE,itemknn,10.0,sym,q2,4400,0.006377184983113659,0.01205820029584443,0.02590909090909091,0.012052110866759438,0.02978589111407549,0.06568181818181819
ml-1m,3,Lap-EASE,itemknn,10.0,sym,q3,2896,0.00016786265757840792,0.00030830702446724546,0.0010359116022099447,0.001046917292305892,0.0032063930544593525,0.005870165745856353
ml-1m,3,Lap-EASE,itemknn,10.0,sym,q4,1678,0.0,0.0,0.0,0.00014579889279989634,0.0005959475566150178,0.0005959475566150178
ml-1m,3,Lap-EASE,itemknn,10.0,sym,q5,698,0.0,0.0,0.0,0.0,0.0,0.0
ml-1m,3,GS-EASE,itemknn,10.0,sym,overall,6013,0.20774772798620117,0.12293090864362953,0.7069682354897722,0.21461563941551065,0.20029644041335018,0.8210543821719608
ml-1m,3,GS-EASE,itemknn,10.0,sym,q1,5943,0.19429601953324,0.14654534839513159,0.6717146222446576,0.21017476389744016,0.23525482050801028,0.7950530035335689
ml-1m,3,GS-EASE,itemknn,10.0,sym,q2,4400,0.04749496871894873,0.06358134442656993,0.1965909090909091,0.06212916478714737,0.10912607390646269,0.29818181818181816
ml-1m,3,GS-EASE,itemknn,10.0,sym,q3,2896,0.011872897718779512,0.02004119301321793,0.05110497237569061,0.0178238870663562,0.037859083047252176,0.09116022099447514
ml-1m,3,GS-EASE,itemknn,10.0,sym,q4,1678,0.0026366330506437177,0.004152065996009935,0.01132300357568534,0.004407425431888239,0.009950730316724315,0.02264600715137068
ml-1m,3,GS-EASE,itemknn,10.0,sym,q5,698,0.001698792183825369,0.004653886387410742,0.008595988538681949,0.002155704530005595,0.006444717332969482,0.011461318051575931
ml-1m,3,Lap-EASE,binary,1.0,sym,overall,6013,0.3605401346752835,0.2194388012598086,0.8721104274072842,0.3613807754881161,0.32490763244127996,0.9249958423415933
ml-1m,3,Lap-EASE,binary,1.0,sym,q1,5943,0.38218299141627377,0.2843166449842045,0.8771664142688878,0.39860341460951165,0.41632504806202836,0.9294968870940602
ml-1m,3,Lap-EASE,binary,1.0,sym,q2,4400,0.011383522419786716,0.02076747527740637,0.05204545454545455,0.02033436259709867,0.04778533459921086,0.11386363636363636
ml-1m,3,Lap-EASE,binary,1.0,sym,q3,2896,0.0009799137080166768,0.0022074782951854773,0.004143646408839779,0.002189553605628788,0.006181761378584583,0.010359116022099447
ml-1m,3,Lap-EASE,binary,1.0,sym,q4,1678,0.0005516598004242744,0.0010429082240762813,0.0017878426698450535,0.0005516598004242744,0.0010429082240762813,0.0017878426698450535
ml-1m,3,Lap-EASE,binary,1.0,sym,q5,698,0.0,0.0,0.0,0.0,0.0,0.0
ml-1m,3,GS-EASE,binary,1.0,sym,overall,6013,0.10174595696336106,0.051259745300457314,0.43672043904872776,0.10518279018884077,0.08753987905842417,0.5709296524197572
ml-1m,3,GS-EASE,binary,1.0,sym,q1,5943,0.10094377016733372,0.06624275126408098,0.42066296483257615,0.10839709429107638,0.11195650052160136,0.5519098098603399
ml-1m,3,GS-EASE,binary,1.0,sym,q2,4400,0.014140926960665275,0.021139250595288473,0.07204545454545455,0.021510493461216255,0.04136884230622476,0.13545454545454547
ml-1m,3,GS-EASE,binary,1.0,sym,q3,2896,0.0010443229617018263,0.0014675414364640883,0.003107734806629834,0.001892148692709128,0.004043343856879768,0.008977900552486187
ml-1m,3,GS-EASE,binary,1.0,sym,q4,1678,0.0,0.0,0.0,0.00030652673362203107,0.0011918951132300357,0.0011918951132300357
ml-1m,3,GS-EASE,binary,1.0,sym,q5,698,0.0,0.0,0.0,0.0003667020412748073,0.0014326647564469914,0.0014326647564469914
ml-1m,3,Lap-EASE,binary,3.0,sym,overall,6013,0.3621096364371137,0.21891850460060333,0.8682853816730417,0.36237350005403945,0.32414114799946836,0.9263262930317645
ml-1m,3,Lap-EASE,binary,3.0,sym,q1,5943,0.3848814731066661,0.2849656054608394,0.8746424364798923,0.4009307145830617,0.4174727393784909,0.9310112737674575
ml-1m,3,Lap-EASE,binary,3.0,sym,q2,4400,0.008821621842621455,0.015623430985391096,0.03681818181818182,0.01716027934421539,0.041350512193573635,0.09318181818181819
ml-1m,3,Lap-EASE,binary,3.0,sym,q3,2896,0.0006370589179778601,0.0014305445935280188,0.0027624309392265192,0.0015611875676446389,0.004357405945803736,0.007596685082872928
ml-1m,3,Lap-EASE,binary,3.0,sym,q4,1678,0.0002979737783075089,0.0005959475566150178,0.0005959475566150178,0.0004394313343783076,0.0010429082240762813,0.0017878426698450535
ml-1m,3,Lap-EASE,binary,3.0,sym,q5,698,0.0,0.0,0.0,0.0,0.0,0.0
ml-1m,3,GS-EASE,binary,3.0,sym,overall,6013,0.09967194042158672,0.046298154443289226,0.4194245800765009,0.10061652107618366,0.07828117251438006,0.54182604357226
ml-1m,3,GS-EASE,binary,3.0,sym,q1,5943,0.0996517761410175,0.06199867940985929,0.4053508329126704,0.1045223445210174,0.10259563984769064,0.5238095238095238
ml-1m,3,GS-EASE,binary,3.0,sym,q2,4400,0.012613354210736331,0.019256089087598505,0.065,0.01955692046290855,0.03829008100296362,0.12545454545454546
ml-1m,3,GS-EASE,binary,3.0,sym,q3,2896,0.0007983094756012683,0.0012948895027624309,0.0027624309392265192,0.0014750062040700263,0.0034448171533806894,0.007941988950276244
ml-1m,3,GS-EASE,binary,3.0,sym,q4,1678,0.0,0.0,0.0,0.0,0.0,0.0
ml-1m,3,GS-EASE,binary,3.0,sym,q5,698,0.0,0.0,0.0,0.0003505022093384327,0.0014326647564469914,0.0014326647564469914
ml-1m,3,Lap-EASE,binary,10.0,sym,overall,6013,0.35700695598352056,0.21251651205117278,0.8619657408947281,0.3558987085136585,0.31624957739287113,0.9223349409612506
ml-1m,3,Lap-EASE,binary,10.0,sym,q1,5943,0.38048533615608554,0.2788847514441802,0.8695944809019014,0.39592760470607996,0.4113423865096534,0.9289920915362612
ml-1m,3,Lap-EASE,binary,10.0,sym,q2,4400,0.005609371424599771,0.01109727350666346,0.02181818181818182,0.010423866219791716,0.026159951833250733,0.053636363636363635
ml-1m,3,Lap-EASE,binary,10.0,sym,q3,2896,0.00016355382780941258,0.00030830702446724546,0.0010359116022099447,0.0008247652020379603,0.0025527821625887922,0.0051795580110497235
ml-1m,3,Lap-EASE,binary,10.0,sym,q4,1678,0.0,0.0,0.0,0.0001429156534970986,0.0005959475566150178,0.0005959475566150178
ml-1m,3,Lap-EASE,binary,10.0,sym,q5,698,0.0,0.0,0.0,0.0,0.0,0.0
ml-1m,3,GS-EASE,binary,10.0,sym,overall,6013,0.12353636339964774,0.05958132894206566,0.4942624313986363,0.12179579209826995,0.09460381108013699,0.6026941626475969
ml-1m,3,GS-EASE,binary,10.0,sym,q1,5943,0.12669352691968705,0.081500288714962,0.4840989399293286,0.1296194550863845,0.12569362462638506,0.5897694766952718
ml-1m,3,GS-EASE,binary,10.0,sym,q2,4400,0.010783295627087859,0.017618179095398142,0.056363636363636366,0.018102112205869523,0.03758036431556819,0.11931818181818182
ml-1m,3,GS-EASE,binary,10.0,sym,q3,2896,0.0005704491602516678,0.0012948895027624309,0.0027624309392265192,0.0010402645705688519,0.0027163904235727437,0.006560773480662983
ml-1m,3,GS-EASE,binary,10.0,sym,q4,1678,0.0,0.0,0.0,0.00013567952842488259,0.0005959475566150178,0.0005959475566150178
ml-1m,3,GS-EASE,binary,10.0,sym,q5,698,0.0,0.0,0.0,0.0,0.0,0.0
ml-1m,4,EASE,,0.0,,overall,6006,0.3602199710712781,0.22263170160415102,0.8736263736263736,0.36241559929929296,0.32716994336340544,0.9302364302364302
ml-1m,4,EASE,,0.0,,q1,5939,0.3802698067910618,0.28410241730312774,0.875736656002694,0.3974861059261437,0.4145021664985619,0.931133187405287
ml-1m,4,EASE,,0.0,,q2,4417,0.01313044221384553,0.025298925136798156,0.056146705908988,0.023172501832056325,0.05490141373994923,0.1353860086031243
ml-1m,4,EASE,,0.0,,q3,2931,0.002115727750993652,0.004821491885734164,0.007505970658478335,0.0038145550024703584,0.010397909667883778,0.018082565677243263
ml-1m,4,EASE,,0.0,,q4,1676,0.0006985399835327961,0.001392203659506762,0.0017899761336515514,0.0010587690582970083,0.002784407319013524,0.0029832935560859188
ml-1m,4,EASE,,0.0,,q5,710,0.0,0.0,0.0,0.0,0.0,0.0
ml-1m,4,Lap-EASE,rp3beta,1.0,sym,overall,6006,0.36492940601166063,0.22471338394484922,0.8754578754578755,0.36615646979296707,0.32920857262107733,0.9300699300699301
ml-1m,4,Lap-EASE,rp3beta,1.0,sym,q1,5939,0.3857897462805592,0.28753859876678656,0.878430712241118,0.40248292159255217,0.41846587899985777,0.9314699444350901
ml-1m,4,Lap-EASE,rp3beta,1.0,sym,q2,4417,0.011640667426327897,0.022823994214240695,0.04799637763187684,0.020827423120940144,0.0500741316452358,0.11885895404120443
ml-1m,4,Lap-EASE,rp3beta,1.0,sym,q3,2931,0.0018899829954365044,0.004366584573099113,0.006823609689525759,0.0033880100583640375,0.009334563824599346,0.016035482770385533
ml-1m,4,Lap-EASE,rp3beta,1.0,sym,q4,1676,0.0006642224058148767,0.001392203659506762,0.0017899761336515514,0.0008722760422501084,0.0021877486077963404,0.002386634844868735
ml-1m,4,Lap-EASE,rp3beta,1.0,sym,q5,710,0.0,0.0,0.0,0.0,0.0,0.0
ml-1m,4,GS-EASE,rp3beta,1.0,sym,overall,6006,0.36493021173081347,0.2247910840225493,0.8754578754578755,0.36613642780075306,0.3292037492886382,0.9300699300699301
ml-1m,4,GS-EASE,rp3beta,1.0,sym,q1,5939,0.3857841158162817,0.28761631192751036,0.878430712241118,0.40245420066323645,0.418462373142983,0.9314699444350901
ml-1m,4,GS-EASE,rp3beta,1.0,sym,q2,4417,0.01164257454783124,0.022823994214240695,0.04799637763187684,0.02083093465564985,0.0500741316452358,0.11885895404120443
ml-1m,4,GS-EASE,rp3beta,1.0,sym,q3,2931,0.0018899829954365044,0.004366584573099113,0.006823609689525759,0.0033880100583640375,0.009334563824599346,0.016035482770385533
ml-1m,4,GS-EASE,rp3beta,1.0,sym,q4,1676,0.0006642224058148767,0.001392203659506762,0.0017899761336515514,0.0008722760422501084,0.0021877486077963404,0.002386634844868735
ml-1m,4,GS-EASE,rp3beta,1.0,sym,q5,710,0.0,0.0,0.0,0.0,0.0,0.0
ml-1m,4,Lap-EASE,rp3beta,3.0,sym,overall,6006,0.36784793317944636,0.2244523143506958,0.8766233766233766,0.3676194444144426,0.3288109282423056,0.9299034299034299
ml-1m,4,Lap-EASE,rp3beta,3.0,sym,q1,5939,0.39018249051852577,0.2893192315505351,0.8796093618454285,0.40566679555953117,0.4204559418644392,0.9326485940394006
ml-1m,4,Lap-EASE,rp3beta,3.0,sym,q2,4417,0.009383283254685753,0.01910196767202468,0.03916685533167308,0.017413258023141184,0.04340823476134962,0.09916232737151913
ml-1m,4,Lap-EASE,rp3beta,3.0,sym,q3,2931,0.0011410078719848557,0.0025824113336907605,0.0040941658137154556,0.0028850751671106773,0.008479027912768654,0.01330603889457523
ml-1m,4,Lap-EASE,rp3beta,3.0,sym,q4,1676,0.00034099600092797773,0.0006463802704852824,0.0011933174224343676,0.000568607029728307,0.001392203659506762,0.0017899761336515514
ml-1m,4,Lap-EASE,rp3beta,3.0,sym,q5,710,0.0,0.0,0.0,0.0,0.0,0.0
ml-1m,4,GS-EASE,rp3beta,3.0,sym,overall,6006,0.36788797254111244,0.22450333447343546,0.8766233766233766,0.3676172223597862,0.32883494179151523,0.9300699300699301
ml-1m,4,GS-EASE,rp3beta,3.0,sym,q1,5939,0.39020079768292754,0.2893345114239873,0.8796093618454285,0.4056527323540687,0.4204744995962062,0.9328169725543021
ml-1m,4,GS-EASE,rp3beta,3.0,sym,q2,4417,0.00938732863764876,0.01910196767202468,0.03916685533167308,0.017419533956673085,0.04340823476134962,0.09916232737151913
ml-1m,4,GS-EASE,rp3beta,3.0,sym,q3,2931,0.0011410078719848557,0.0025824113336907605,0.0040941658137154556,0.002909090825211912,0.008527767981979552,0.013647219379051518
ml-1m,4,GS-EASE,rp3beta,3.0,sym,q4,1676,0.0005168192859788544,0.001243038981702466,0.0017899761336515514,0.0005817916971174176,0.001392203659506762,0.0017899761336515514
ml-1m,4,GS-EASE,rp3beta,3.0,sym,q5,710,0.0,0.0,0.0,0.0,0.0,0.0
ml-1m,4,Lap-EASE,rp3beta,10.0,sym,overall,6006,0.3637145360064067,0.21851535695417892,0.8677988677988678,0.3615724273680277,0.3202100785832693,0.926073926073926
ml-1m,4,Lap-EASE,rp3beta,10.0,sym,q1,5939,0.387389930453115,0.2845240188809726,0.8735477353089746,0.40101943219524916,0.412005012638061,0.9292810237413706
ml-1m,4,Lap-EASE,rp3beta,10.0,sym,q2,4417,0.0056284132662831,0.011276542053563847,0.022187004754358162,0.011808220746386329,0.030701730520721175,0.06203305410912384
ml-1m,4,Lap-EASE,rp3beta,10.0,sym,q3,2931,0.00045982751024763494,0.0009666780393494824,0.001364721937905152,0.001687492331145245,0.00517253984500658,0.008188331627430911
ml-1m,4,Lap-EASE,rp3beta,10.0,sym,q4,1676,9.010717078031339e-05,0.00014916467780429595,0.0005966587112171838,9.010717078031339e-05,0.00014916467780429595,0.0005966587112171838
ml-1m,4,Lap-EASE,rp3beta,10.0,sym,q5,710,0.0,0.0,0.0,0.0,0.0,0.0
ml-1m,4,GS-EASE,rp3beta,10.0,sym,overall,6006,0.36376421158519917,0.21854511436965277,0.8679653679653679,0.36156803467044246,0.3200920222755764,0.9259074259074259
ml-1m,4,GS-EASE,rp3beta,10.0,sym,q1,5939,0.3874346240972596,0.28456424683508325,0.873716113823876,0.40099049736201875,0.41185593731319997,0.9291126452264691
ml-1m,4,GS-EASE,rp3beta,10.0,sym,q2,4417,0.005631841031100718,0.011276542053563847,0.022187004754358162,0.011854753595340384,0.03079606302392848,0.06225945211682137
ml-1m,4,GS-EASE,rp3beta,10.0,sym,q3,2931,0.00045982751024763494,0.0009666780393494824,0.001364721937905152,0.001690514692135945,0.00517253984500658,0.008188331627430911
ml-1m,4,GS-EASE,rp3beta,10.0,sym,q4,1676,9.010717078031339e-05,0.00014916467780429595,0.0005966587112171838,9.010717078031339e-05,0.00014916467780429595,0.0005966587112171838
ml-1m,4,GS-EASE,rp3beta,10.0,sym,q5,710,0.0,0.0,0.0,0.0,0.0,0.0
ml-1m,4,Lap-EASE,p3alpha,1.0,sym,overall,6006,0.3650682314026715,0.2244052444795794,0.8752913752913752,0.3661552146237853,0.32928430403029696,0.9305694305694305
ml-1m,4,Lap-EASE,p3alpha,1.0,sym,q1,5939,0.3862052872993125,0.2876601104767303,0.8785990907560195,0.40267261492077233,0.41857057780141427,0.9318067014648931
ml-1m,4,Lap-EASE,p3alpha,1.0,sym,q2,4417,0.01129336701370756,0.02244903103780846,0.04686438759338918,0.020496017084570124,0.05002035639797962,0.11682137197192664
ml-1m,4,Lap-EASE,p3alpha,1.0,sym,q3,2931,0.0016482170217293653,0.003674188884014882,0.005458887751620608,0.0033468562831208432,0.009303547416919683,0.015694302285909244
ml-1m,4,Lap-EASE,p3alpha,1.0,sym,q4,1676,0.0006340738881114122,0.001392203659506762,0.0017899761336515514,0.0008380420313804197,0.0021877486077963404,0.002386634844868735
ml-1m,4,Lap-EASE,p3alpha,1.0,sym,q5,710,0.0,0.0,0.0,0.0,0.0,0.0
ml-1m,4,GS-EASE,p3alpha,1.0,sym,overall,6006,0.36490410513920196,0.22477669549691298,0.8752913752913752,0.36618292159625754,0.32973417921612547,0.9315684315684316
ml-1m,4,GS-EASE,p3alpha,1.0,sym,q1,5939,0.38592768443592934,0.28775062015562436,0.878430712241118,0.4026494420550499,0.4191243964442859,0.9328169725543021
ml-1m,4,GS-EASE,p3alpha,1.0,sym,q2,4417,0.011440568510237396,0.022756920135240142,0.047317183608784244,0.020727713059572234,0.05044251743820723,0.11795336201041431
ml-1m,4,GS-EASE,p3alpha,1.0,sym,q3,2931,0.0018073108849507693,0.004185959610729314,0.006141248720573183,0.003311384222167458,0.009179785868629265,0.01501194131695667
ml-1m,4,GS-EASE,p3alpha,1.0,sym,q4,1676,0.0006608721674930502,0.001392203659506762,0.0017899761336515514,0.0008638609130135876,0.0021877486077963404,0.002386634844868735
ml-1m,4,GS-EASE,p3alpha,1.0,sym,q5,710,0.0,0.0,0.0,0.0,0.0,0.0
ml-1m,4,Lap-EASE,p3alpha,3.0,sym,overall,6006,0.3681148634310918,0.2247091008885188,0.876956376956377,0.3674443554940426,0.32837617268911634,0.9295704295704296
ml-1m,4,Lap-EASE,p3alpha,3.0,sym,q1,5939,0.39084288963849984,0.2900838343009904,0.8802828759050345,0.40592961510286496,0.42042696771190524,0.9323118370095975
ml-1m,4,Lap-EASE,p3alpha,3.0,sym,q2,4417,0.008809804467015386,0.01871417312614811,0.035318089200815035,0.016475795082979514,0.04190372031087181,0.09237038714059316
ml-1m,4,Lap-EASE,p3alpha,3.0,sym,q3,2931,0.0011180323825121824,0.002579161995743367,0.0037529853292391675,0.0026613685717353877,0.007916605741580153,0.011941316956670079
ml-1m,4,Lap-EASE,p3alpha,3.0,sym,q4,1676,0.00011646182875659358,0.00014916467780429595,0.0005966587112171838,0.0005159084154777329,0.001392203659506762,0.0017899761336515514
ml-1m,4,Lap-EASE,p3alpha,3.0,sym,q5,710,0.0,0.0,0.0,0.0,0.0,0.0
ml-1m,4,GS-EASE,p3alpha,3.0,sym,overall,6006,0.36817364668727204,0.22457931113568733,0.8756243756243757,0.36830684733623137,0.32979625636542864,0.9312354312354313
ml-1m,4,GS-EASE,p3alpha,3.0,sym,q1,5939,0.39081164070763513,0.28975470598474395,0.878767469270921,0.40672309402054774,0.42189284530792276,0.9333221080990066
ml-1m,4,GS-EASE,p3alpha,3.0,sym,q2,4417,0.009037109717530578,0.019172898613173346,0.03690287525469776,0.017058398695583465,0.04339554050919822,0.09644555127914875
ml-1m,4,GS-EASE,p3alpha,3.0,sym,q3,2931,0.0011741485285208034,0.0026928888239021297,0.0040941658137154556,0.002800646081654754,0.008371513054215202,0.012623677925622655
ml-1m,4,GS-EASE,p3alpha,3.0,sym,q4,1676,0.00018379186536097023,0.0002983293556085919,0.0005966587112171838,0.0005331281139388603,0.001392203659506762,0.0017899761336515514
ml-1m,4,GS-EASE,p3alpha,3.0,sym,q5,710,0.0,0.0,0.0,0.0,0.0,0.0
ml-1m,4,Lap-EASE,p3alpha,10.0,sym,overall,6006,0.3637578097033446,0.21846212811855992,0.8676323676323676,0.36177280933237205,0.32030453367807665,0.9252414252414253
ml-1m,4,Lap-EASE,p3alpha,10.0,sym,q1,5939,0.3877160527432054,0.2845443491545747,0.8733793567940731,0.4017704048204299,0.4129008547847166,0.9294494022562722
ml-1m,4,Lap-EASE,p3alpha,10.0,sym,q2,4417,0.004673324902790058,0.010006413102405859,0.019470228661987776,0.01064249320530689,0.029170784833588023,0.05592030790129047
ml-1m,4,Lap-EASE,p3alpha,10.0,sym,q3,2931,0.00038622247994221024,0.0008529512111907199,0.0010235414534288639,0.0012802886464769302,0.003935760588780036,0.005800068236096895
ml-1m,4,Lap-EASE,p3alpha,10.0,sym,q4,1676,7.011700761123337e-05,0.00014916467780429595,0.0005966587112171838,7.011700761123337e-05,0.00014916467780429595,0.0005966587112171838
ml-1m,4,Lap-EASE,p3alpha,10.0,sym,q5,710,0.0,0.0,0.0,0.0,0.0,0.0
ml-1m,4,GS-EASE,p3alpha,10.0,sym,overall,6006,0.3654743470380963,0.2202741517443228,0.8707958707958708,0.3636355805502764,0.32228966408900156,0.9272394272394272
ml-1m,4,GS-EASE,p3alpha,10.0,sym,q1,5939,0.3893750532269953,0.28623066913353834,0.8760734130324971,0.40373258651463617,0.41500998977424775,0.9307964303754841
ml-1m,4,GS-EASE,p3alpha,10.0,sym,q2,4417,0.005581513853536022,0.012361387763244226,0.022187004754358162,0.01137284909993189,0.030817285978459633,0.057731491962870723
ml-1m,4,GS-EASE,p3alpha,10.0,sym,q3,2931,0.0005208204110169717,0.0013078585238257704,0.0017059024223814397,0.0013650239645993506,0.004220077659176942,0.006482429205049471
ml-1m,4,GS-EASE,p3alpha,10.0,sym,q4,1676,7.011700761123337e-05,0.00014916467780429595,0.0005966587112171838,7.011700761123337e-05,0.00014916467780429595,0.0005966587112171838
ml-1m,4,GS-EASE,p3alpha,10.0,sym,q5,710,0.0,0.0,0.0,0.0,0.0,0.0
ml-1m,4,Lap-EASE,itemknn,1.0,sym,overall,6006,0.3648213764120312,0.2244056022934103,0.8752913752913752,0.36609857667286894,0.329288431251387,0.9309024309024309
ml-1m,4,Lap-EASE,itemknn,1.0,sym,q1,5939,0.3857668270384547,0.2874470960104401,0.878430712241118,0.4024384503739196,0.418624827314162,0.9323118370095975
ml-1m,4,Lap-EASE,itemknn,1.0,sym,q2,4417,0.011585704968531167,0.022778714612701187,0.04776997962417931,0.020808511681078317,0.050172384705898285,0.11908535204890197
ml-1m,4,Lap-EASE,itemknn,1.0,sym,q3,2931,0.0016541803231923207,0.0036842236041465374,0.005800068236096895,0.00336107076920685,0.009334563824599346,0.016035482770385533
ml-1m,4,Lap-EASE,itemknn,1.0,sym,q4,1676,0.0006642224058148767,0.001392203659506762,0.0017899761336515514,0.0008722760422501084,0.0021877486077963404,0.002386634844868735
ml-1m,4,Lap-EASE,itemknn,1.0,sym,q5,710,0.0,0.0,0.0,0.0,0.0,0.0
ml-1m,4,GS-EASE,itemknn,1.0,sym,overall,6006,0.2774264198572591,0.17362503317767541,0.8156843156843157,0.28402254101983804,0.26619088910496297,0.8966033966033966
ml-1m,4,GS-EASE,itemknn,1.0,sym,q1,5939,0.27298699194627074,0.20883569966146134,0.7947465903350732,0.29066258529952316,0.3171189295000052,0.8812931469944435
ml-1m,4,GS-EASE,itemknn,1.0,sym,q2,4417,0.04120805024833243,0.05771725225214132,0.1704776997962418,0.055652301320981895,0.10306435433363174,0.273941589314014
ml-1m,4,GS-EASE,itemknn,1.0,sym,q3,2931,0.010470471089334294,0.01722133582204163,0.042306380075059706,0.01641074509016775,0.035690486482807225,0.08529512111907199
ml-1m,4,GS-EASE,itemknn,1.0,sym,q4,1676,0.003944173687690598,0.007557677008750994,0.011336515513126491,0.005613594346237567,0.013191839981816115,0.020883054892601432
ml-1m,4,GS-EASE,itemknn,1.0,sym,q5,710,0.0,0.0,0.0,0.0,0.0,0.0
ml-1m,4,Lap-EASE,itemknn,3.0,sym,overall,6006,0.3676322106821818,0.2240106072702015,0.8761238761238761,0.36761449772453036,0.32857560824849374,0.9297369297369298
ml-1m,4,Lap-EASE,itemknn,3.0,sym,q1,5939,0.3901075880109183,0.2892964940755785,0.879440983330527,0.4056696087014131,0.42023258081980885,0.9324802155244991
ml-1m,4,Lap-EASE,itemknn,3.0,sym,q2,4417,0.009236096620965183,0.018439894119389955,0.038261263300882954,0.01738252498971299,0.04310544528819487,0.0989359293638216
ml-1m,4,Lap-EASE,itemknn,3.0,sym,q3,2931,0.0010524727466376515,0.0025824113336907605,0.0040941658137154556,0.0027352540550024517,0.008308437670530511,0.012964858410098942
ml-1m,4,Lap-EASE,itemknn,3.0,sym,q4,1676,0.00018994106167447247,0.0002983293556085919,0.0005966587112171838,0.0005409908345678342,0.001392203659506762,0.0017899761336515514
ml-1m,4,Lap-EASE,itemknn,3.0,sym,q5,710,0.0,0.0,0.0,0.0,0.0,0.0
ml-1m,4,GS-EASE,itemknn,3.0,sym,overall,6006,0.2160265419230947,0.12893517869560225,0.7267732267732268,0.22336727994329653,0.20817019801360512,0.8388278388278388
ml-1m,4,GS-EASE,itemknn,3.0,sym,q1,5939,0.2021056191325556,0.15073851175524158,0.6881629904024247,0.21827948857965176,0.24074201014896393,0.8099006566762081
ml-1m,4,GS-EASE,itemknn,3.0,sym,q2,4417,0.04790331197499341,0.0645601145072346,0.19334389857369255,0.06311425996537616,0.11220961879214426,0.30201494226850806
ml-1m,4,GS-EASE,itemknn,3.0,sym,q3,2931,0.014483447670857167,0.022336781651946698,0.06107130672125555,0.02188761616395382,0.046146944658666054,0.11156601842374617
ml-1m,4,GS-EASE,itemknn,3.0,sym,q4,1676,0.0053350089183864784,0.008691328560063643,0.014916467780429593,0.007952515800948773,0.01767104216388226,0.029236276849642005
ml-1m,4,GS-EASE,itemknn,3.0,sym,q5,710,9.779045343208066e-05,5.868544600938967e-05,0.0014084507042253522,0.00026292612037699426,0.0007629107981220657,0.0028169014084507044
ml-1m,4,Lap-EASE,itemknn,10.0,sym,overall,6006,0.36330734988735713,0.2179044830045043,0.8676323676323676,0.3614067481076757,0.3195269708477267,0.9255744255744256
ml-1m,4,Lap-EASE,itemknn,10.0,sym,q1,5939,0.3869364613502522,0.28367219011369704,0.8732109782791716,0.4009650499277581,0.4115217917081786,0.9292810237413706
ml-1m,4,Lap-EASE,itemknn,10.0,sym,q2,4417,0.0056163553434052825,0.011413388017239165,0.022639800769753225,0.011453881175582775,0.029734653858215377,0.06112746207833371
ml-1m,4,Lap-EASE,itemknn,10.0,sym,q3,2931,0.0004584006895898008,0.0009666780393494824,0.001364721937905152,0.0016625417540920226,0.005107553086058715,0.008188331627430911
ml-1m,4,Lap-EASE,itemknn,10.0,sym,q4,1676,9.010717078031339e-05,0.00014916467780429595,0.0005966587112171838,9.010717078031339e-05,0.00014916467780429595,0.0005966587112171838
ml-1m,4,Lap-EASE,itemknn,10.0,sym,q5,710,0.0,0.0,0.0,0.0,0.0,0.0
ml-1m,4,GS-EASE,itemknn,10.0,sym,overall,6006,0.21068935926471355,0.1244450001101093,0.7176157176157176,0.21708089033809833,0.19933307191896238,0.825008325008325
ml-1m,4,GS-EASE,itemknn,10.0,sym,q1,5939,0.19678653827230785,0.1466624573482144,0.6804175787169557,0.21175673279316484,0.23153058373348764,0.7957568614244822
ml-1m,4,GS-EASE,itemknn,10.0,sym,q2,4417,0.04666093126578677,0.06154231079517894,0.19130631650441476,0.0622325679119611,0.11102959315212435,0.3002037582069278
ml-1m,4,GS-EASE,itemknn,10.0,sym,q3,2931,0.013523666912703413,0.020425167953638246,0.05561241896963494,0.019059827707557403,0.03705607858982424,0.09587171613783692
ml-1m,4,GS-EASE,itemknn,10.0,sym,q4,1676,0.004294305450548281,0.006999374928969201,0.013126491646778043,0.006610727159195063,0.014853960677349697,0.02684964200477327
ml-1m,4,GS-EASE,itemknn,10.0,sym,q5,710,0.00013350473854866306,5.868544600938967e-05,0.0014084507042253522,0.00021559473062913586,0.00041079812206572773,0.0028169014084507044
ml-1m,4,Lap-EASE,binary,1.0,sym,overall,6006,0.3650622200865884,0.22452375828165633,0.8754578754578755,0.3661144267417166,0.3293636715454606,0.9310689310689311
ml-1m,4,Lap-EASE,binary,1.0,sym,q1,5939,0.3862771467300102,0.2878054438124052,0.878767469270921,0.4027556677423265,0.41875531294218,0.9323118370095975
ml-1m,4,Lap-EASE,binary,1.0,sym,q2,4417,0.01118253220375431,0.02235469853460115,0.046637989585691646,0.020252041486873148,0.04952201125960731,0.11546298392574145
ml-1m,4,Lap-EASE,binary,1.0,sym,q3,2931,0.0016382398553567014,0.003674188884014882,0.005458887751620608,0.0032918744365079025,0.009189820588760922,0.015353121801432957
ml-1m,4,Lap-EASE,binary,1.0,sym,q4,1676,0.0006340738881114122,0.001392203659506762,0.0017899761336515514,0.0008358296420828026,0.0021877486077963404,0.002386634844868735
ml-1m,4,Lap-EASE,binary,1.0,sym,q5,710,0.0,0.0,0.0,0.0,0.0,0.0
ml-1m,4,GS-EASE,binary,1.0,sym,overall,6006,0.10586116734961679,0.05437791283814926,0.4515484515484515,0.10871784322931845,0.09086680897432602,0.5840825840825841
ml-1m,4,GS-EASE,binary,1.0,sym,q1,5939,0.1055989071018269,0.06986525486715699,0.4371106246842903,0.1125518751587072,0.1153220166733296,0.5672672167031487
ml-1m,4,GS-EASE,binary,1.0,sym,q2,4417,0.014774242757902081,0.022783758970507106,0.06995698437853747,0.021355196166142485,0.04124154538800399,0.13017885442608104
ml-1m,4,GS-EASE,binary,1.0,sym,q3,2931,0.0010239047470255727,0.0018557227487626669,0.004435346298191744,0.002061964657212067,0.005124692112921385,0.012282497441146366
ml-1m,4,GS-EASE,binary,1.0,sym,q4,1676,0.0,0.0,0.0,8.329079586202297e-05,0.0002983293556085919,0.0005966587112171838
ml-1m,4,GS-EASE,binary,1.0,sym,q5,710,0.0,0.0,0.0,0.0,0.0,0.0
ml-1m,4,Lap-EASE,binary,3.0,sym,overall,6006,0.36809637983460836,0.22449737966118943,0.8766233766233766,0.3672747160108963,0.32792740385299457,0.9292374292374292
ml-1m,4,Lap-EASE,binary,3.0,sym,q1,5939,0.39091074773497186,0.2898109314169855,0.8802828759050345,0.405896463112415,0.4200110587026905,0.9319750799797946
ml-1m,4,Lap-EASE,binary,3.0,sym,q2,4417,0.00850907333210936,0.017921851025900885,0.034412497170024904,0.01620382874645142,0.04136860927755198,0.09146479510980303
ml-1m,4,Lap-EASE,binary,3.0,sym,q3,2931,0.0009829027480092354,0.002465435167584605,0.0037529853292391675,0.0024427958323146055,0.007526685187892966,0.011258955987717503
ml-1m,4,Lap-EASE,binary,3.0,sym,q4,1676,0.00011646182875659358,0.00014916467780429595,0.0005966587112171838,0.0005012564598840266,0.001392203659506762,0.0017899761336515514
ml-1m,4,Lap-EASE,binary,3.0,sym,q5,710,0.0,0.0,0.0,0.0,0.0,0.0
ml-1m,4,GS-EASE,binary,3.0,sym,overall,6006,0.10369575468078185,0.049842911314315716,0.4348984348984349,0.10388104282197808,0.08193668424090753,0.5554445554445554
ml-1m,4,GS-EASE,binary,3.0,sym,q1,5939,0.10405267713068153,0.06551413788491503,0.4221249368580569,0.10801019134209922,0.10566501040140443,0.5404950328338104
ml-1m,4,GS-EASE,binary,3.0,sym,q2,4417,0.013036298740835197,0.02026009710579837,0.06407063617840163,0.019813244057451575,0.039282057406413266,0.12270772017206248
ml-1m,4,GS-EASE,binary,3.0,sym,q3,2931,0.0008422803120365018,0.0014203114638119756,0.0037529853292391675,0.0018148827596224254,0.004619690840264023,0.01023541453428864
ml-1m,4,GS-EASE,binary,3.0,sym,q4,1676,0.0,0.0,0.0,8.612190595627759e-05,0.0002983293556085919,0.0005966587112171838
ml-1m,4,GS-EASE,binary,3.0,sym,q5,710,0.0,0.0,0.0,0.0,0.0,0.0
ml-1m,4,Lap-EASE,binary,10.0,sym,overall,6006,0.3634100185547537,0.21824511320708093,0.8677988677988678,0.3613537790273343,0.3199396915290998,0.9254079254079254
ml-1m,4,Lap-EASE,binary,10.0,sym,q1,5939,0.3874472745848945,0.2845177538588983,0.8738844923387775,0.40139709557247666,0.41241296673138633,0.9294494022562722
ml-1m,4,Lap-EASE,binary,10.0,sym,q2,4417,0.004400496617184828,0.009409962160697954,0.018564636631197645,0.010350134403991986,0.02867652943751787,0.05388272583201268
ml-1m,4,Lap-EASE,binary,10.0,sym,q3,2931,0.00038622247994221024,0.0008529512111907199,0.0010235414534288639,0.0012381718628315431,0.003765170346541892,0.005800068236096895
ml-1m,4,Lap-EASE,binary,10.0,sym,q4,1676,7.011700761123337e-05,0.00014916467780429595,0.0005966587112171838,7.011700761123337e-05,0.00014916467780429595,0.0005966587112171838
ml-1m,4,Lap-EASE,binary,10.0,sym,q5,710,0.0,0.0,0.0,0.0,0.0,0.0
ml-1m,4,GS-EASE,binary,10.0,sym,overall,6006,0.12836073286745384,0.0627112082474499,0.5038295038295039,0.1267060887105156,0.0996521654374241,0.623043623043623
ml-1m,4,GS-EASE,binary,10.0,sym,q1,5939,0.13124948354520918,0.08389158810494633,0.4973901330190268,0.1349697608996167,0.13164434758216523,0.6144132008755683
ml-1m,4,GS-EASE,binary,10.0,sym,q2,4417,0.011397581182128913,0.018652304283009413,0.05886348200135839,0.01800485907090385,0.03748903136988944,0.11251980982567353
ml-1m,4,GS-EASE,binary,10.0,sym,q3,2931,0.00042858146721078344,0.0009130639632174946,0.0020470829068577278,0.0010799426185395466,0.0029712610828271013,0.007164790174002047
ml-1m,4,GS-EASE,binary,10.0,sym,q4,1676,0.0,0.0,0.0,8.464731614916119e-05,0.0002983293556085919,0.0005966587112171838
ml-1m,4,GS-EASE,binary,10.0,sym,q5,710,0.0,0.0,0.0,0.0,0.0,0.0
