dataset,seed,model,w_source,gamma,normalise,bucket,n_users,NDCG@10,Recall@10,HitRate@10,NDCG@20,Recall@20,HitRate@20
ml-1m,0,EASE,,0.0,,overall,6008,0.36335613906888853,0.22513923250602305,0.8856524633821571,0.365349054583525,0.3316665455941842,0.9375832223701731
ml-1m,0,EASE,,0.0,,q1,5945,0.38252110455244315,0.2876387189881096,0.888309503784693,0.39968237328814027,0.41903344037096796,0.9384356602186712
ml-1m,0,EASE,,0.0,,q2,4408,0.012626192907159342,0.022839371364254565,0.05603448275862069,0.02414023651256659,0.05792954937917536,0.1338475499092559
ml-1m,0,EASE,,0.0,,q3,2895,0.0013700256733331871,0.0024179620034542313,0.0037996545768566492,0.003034474686236767,0.008136235286494355,0.014162348877374784
ml-1m,0,EASE,,0.0,,q4,1659,0.0005394803352284801,0.0009041591320072332,0.0012055455093429777,0.0005394803352284801,0.0009041591320072332,0.0012055455093429777
ml-1m,0,EASE,,0.0,,q5,693,0.0,0.0,0.0,0.0,0.0,0.0
ml-1m,0,Lap-EASE,rp3beta,0.3,sym,overall,6008,0.36525714390969966,0.22601892724741093,0.8854860186418109,0.3668309967142889,0.332363489339444,0.9370838881491345
ml-1m,0,Lap-EASE,rp3beta,0.3,sym,q1,5945,0.3846805064148242,0.28887443049282735,0.888309503784693,0.4017002029298114,0.42077118204009145,0.9386038687973086
ml-1m,0,Lap-EASE,rp3beta,0.3,sym,q2,4408,0.012353339301196692,0.022828928590653896,0.05535390199637023,0.02327055548276175,0.05579848026829019,0.13021778584392016
ml-1m,0,Lap-EASE,rp3beta,0.3,sym,q3,2895,0.001319608393038238,0.0023028209556706964,0.0034542314335060447,0.0027225639694371004,0.006927254284767238,0.012780656303972366
ml-1m,0,Lap-EASE,rp3beta,0.3,sym,q4,1659,0.0005394803352284801,0.0009041591320072332,0.0012055455093429777,0.0005394803352284801,0.0009041591320072332,0.0012055455093429777
ml-1m,0,Lap-EASE,rp3beta,0.3,sym,q5,693,0.0,0.0,0.0,0.0,0.0,0.0
ml-1m,0,GS-EASE,rp3beta,0.3,sym,overall,6008,0.36526975952635704,0.22601985710629552,0.8854860186418109,0.3668329789026427,0.332363489339444,0.9370838881491345
ml-1m,0,GS-EASE,rp3beta,0.3,sym,q1,5945,0.3846934441711029,0.28887694106862793,0.888309503784693,0.40170299498077255,0.42077118204009145,0.9386038687973086
ml-1m,0,GS-EASE,rp3beta,0.3,sym,q2,4408,0.012353339301196692,0.022828928590653896,0.05535390199637023,0.02326970698146339,0.05579848026829019,0.13021778584392016
ml-1m,0,GS-EASE,rp3beta,0.3,sym,q3,2895,0.001319608393038238,0.0023028209556706964,0.0034542314335060447,0.0027225639694371004,0.006927254284767238,0.012780656303972366
ml-1m,0,GS-EASE,rp3beta,0.3,sym,q4,1659,0.0005394803352284801,0.0009041591320072332,0.0012055455093429777,0.0005394803352284801,0.0009041591320072332,0.0012055455093429777
ml-1m,0,GS-EASE,rp3beta,0.3,sym,q5,693,0.0,0.0,0.0,0.0,0.0,0.0
ml-1m,0,Lap-EASE,rp3beta,1.0,sym,overall,6008,0.3679742078901693,0.2269853263953697,0.8861517976031957,0.36936258447020165,0.3341154217554873,0.9374167776298269
ml-1m,0,Lap-EASE,rp3beta,1.0,sym,q1,5945,0.3878201704341459,0.2907152336990377,0.8889823380992431,0.40490795151621173,0.4237706831827181,0.9396131202691337
ml-1m,0,Lap-EASE,rp3beta,1.0,sym,q2,4408,0.01164872191014551,0.02159216210268333,0.050816696914700546,0.021974548319053634,0.053044532586541425,0.12137023593466424
ml-1m,0,Lap-EASE,rp3beta,1.0,sym,q3,2895,0.0012775446149625867,0.002216465169833045,0.0031088082901554403,0.00266519303974072,0.006840898498929586,0.012435233160621761
ml-1m,0,Lap-EASE,rp3beta,1.0,sym,q4,1659,0.0005394803352284801,0.0009041591320072332,0.0012055455093429777,0.0005394803352284801,0.0009041591320072332,0.0012055455093429777
ml-1m,0,Lap-EASE,rp3beta,1.0,sym,q5,693,0.0,0.0,0.0,0.0,0.0,0.0
ml-1m,0,GS-EASE,rp3beta,1.0,sym,overall,6008,0.367967261513362,0.22698986579737915,0.8861517976031957,0.3693515420494236,0.3341030870113367,0.9374167776298269
ml-1m,0,GS-EASE,rp3beta,1.0,sym,q1,5945,0.3878129687893965,0.2907193221019907,0.8889823380992431,0.404894284787736,0.42375179999745344,0.9396131202691337
ml-1m,0,GS-EASE,rp3beta,1.0,sym,q2,4408,0.011650258657564546,0.02159216210268333,0.050816696914700546,0.02197666856686629,0.053044532586541425,0.12137023593466424
ml-1m,0,GS-EASE,rp3beta,1.0,sym,q3,2895,0.0012775446149625867,0.002216465169833045,0.0031088082901554403,0.002666473856480895,0.006840898498929586,0.012435233160621761
ml-1m,0,GS-EASE,rp3beta,1.0,sym,q4,1659,0.0005394803352284801,0.0009041591320072332,0.0012055455093429777,0.0005394803352284801,0.0009041591320072332,0.0012055455093429777
ml-1m,0,GS-EASE,rp3beta,1.0,sym,q5,693,0.0,0.0,0.0,0.0,0.0,0.0
ml-1m,0,Lap-EASE,rp3beta,3.0,sym,overall,6008,0.3697149996144647,0.22668764728695948,0.883988015978695,0.3705949366568134,0.3343230022631427,0.9377496671105193
ml-1m,0,Lap-EASE,rp3beta,3.0,sym,q1,5945,0.39014142858229006,0.2908385607645239,0.8874684608915054,0.40728089611169177,0.4254628449131937,0.9409587888982338
ml-1m,0,Lap-EASE,rp3beta,3.0,sym,q2,4408,0.009974476223526324,0.01832205696994113,0.042876588021778586,0.019420734935274707,0.04772254184374639,0.10549001814882032
ml-1m,0,Lap-EASE,rp3beta,3.0,sym,q3,2895,0.0011627262759037838,0.0021301093839953943,0.002763385146804836,0.0020068020675252946,0.004794528058776763,0.008981001727115717
ml-1m,0,Lap-EASE,rp3beta,3.0,sym,q4,1659,0.00039125014761395854,0.0009041591320072332,0.0012055455093429777,0.00039125014761395854,0.0009041591320072332,0.0012055455093429777
ml-1m,0,Lap-EASE,rp3beta,3.0,sym,q5,693,0.0,0.0,0.0,0.0,0.0,0.0
ml-1m,0,GS-EASE,rp3beta,3.0,sym,overall,6008,0.36972675955700113,0.2267055621800021,0.883988015978695,0.37057271570926,0.33426336169276283,0.9377496671105193
ml-1m,0,GS-EASE,rp3beta,3.0,sym,q1,5945,0.39015460425378157,0.29086547452035627,0.8874684608915054,0.4072501294820902,0.42538574387804584,0.9409587888982338
ml-1m,0,GS-EASE,rp3beta,3.0,sym,q2,4408,0.009976387238880285,0.01832205696994113,0.042876588021778586,0.019425198355391183,0.04772254184374639,0.10549001814882032
ml-1m,0,GS-EASE,rp3beta,3.0,sym,q3,2895,0.0011627262759037838,0.0021301093839953943,0.002763385146804836,0.002008323156714066,0.004794528058776763,0.008981001727115717
ml-1m,0,GS-EASE,rp3beta,3.0,sym,q4,1659,0.00039125014761395854,0.0009041591320072332,0.0012055455093429777,0.00039125014761395854,0.0009041591320072332,0.0012055455093429777
ml-1m,0,GS-EASE,rp3beta,3.0,sym,q5,693,0.0,0.0,0.0,0.0,0.0,0.0
ml-1m,0,Lap-EASE,rp3beta,10.0,sym,overall,6008,0.3663895622750137,0.2222249651233249,0.8784953395472703,0.36584555596868557,0.32740504049739466,0.9330892143808256
ml-1m,0,Lap-EASE,rp3beta,10.0,sym,q1,5945,0.3877468046411028,0.28685000130232785,0.8839360807401178,0.4039876519135542,0.4200888449918402,0.9379310344827586
ml-1m,0,Lap-EASE,rp3beta,10.0,sym,q2,4408,0.007101913756154756,0.012735440605746318,0.031079854809437386,0.01424050818064079,0.035288730809239714,0.07372958257713248
ml-1m,0,Lap-EASE,rp3beta,10.0,sym,q3,2895,0.0008058866969019409,0.0013241220495106504,0.002072538860103627,0.0013296181620266407,0.0029317103928502893,0.0058721934369602765
ml-1m,0,Lap-EASE,rp3beta,10.0,sym,q4,1659,0.00025960009528233456,0.0006027727546714888,0.0006027727546714888,0.0003566723225814353,0.0009041591320072332,0.0012055455093429777
ml-1m,0,Lap-EASE,rp3beta,10.0,sym,q5,693,0.0,0.0,0.0,0.0,0.0,0.0
ml-1m,0,GS-EASE,rp3beta,10.0,sym,overall,6008,0.366421114367407,0.2222621248793092,0.8784953395472703,0.3658735074194551,0.32740387535093607,0.9330892143808256
ml-1m,0,GS-EASE,rp3beta,10.0,sym,q1,5945,0.3877569723733029,0.28685509853198354,0.8839360807401178,0.4039863295674316,0.42003349444406557,0.9379310344827586
ml-1m,0,GS-EASE,rp3beta,10.0,sym,q2,4408,0.007101913756154756,0.012735440605746318,0.031079854809437386,0.014309430233489002,0.035534496084496825,0.07418330308529945
ml-1m,0,GS-EASE,rp3beta,10.0,sym,q3,2895,0.0008527440279666896,0.0014392630972941852,0.002072538860103627,0.0013312589161766407,0.0029317103928502893,0.0058721934369602765
ml-1m,0,GS-EASE,rp3beta,10.0,sym,q4,1659,0.00025960009528233456,0.0006027727546714888,0.0006027727546714888,0.0003566723225814353,0.0009041591320072332,0.0012055455093429777
ml-1m,0,GS-EASE,rp3beta,10.0,sym,q5,693,0.0,0.0,0.0,0.0,0.0,0.0
ml-1m,0,Lap-EASE,binary,0.3,sym,overall,6008,0.36530166285379284,0.22604798153144526,0.8849866844207723,0.36682269887159213,0.33224111386309896,0.9372503328894807
ml-1m,0,Lap-EASE,binary,0.3,sym,q1,5945,0.3848904200591294,0.28894653984544516,0.8878048780487805,0.4018828363037933,0.4208550817501947,0.9387720773759461
ml-1m,0,Lap-EASE,binary,0.3,sym,q2,4408,0.012056661096087402,0.022433079943739536,0.053312159709618875,0.022954552525226088,0.05515463279371141,0.12885662431941924
ml-1m,0,Lap-EASE,binary,0.3,sym,q3,2895,0.0012934915545427905,0.0023028209556706964,0.0034542314335060447,0.0026228202189407337,0.006725757451146052,0.012435233160621761
ml-1m,0,Lap-EASE,binary,0.3,sym,q4,1659,0.0005394803352284801,0.0009041591320072332,0.0012055455093429777,0.0005394803352284801,0.0009041591320072332,0.0012055455093429777
ml-1m,0,Lap-EASE,binary,0.3,sym,q5,693,0.0,0.0,0.0,0.0,0.0,0.0
ml-1m,0,GS-EASE,binary,0.3,sym,overall,6008,0.16468238010088745,0.09954898996155942,0.6228362183754993,0.17101082711841448,0.15493652807137476,0.747503328894807
ml-1m,0,GS-EASE,binary,0.3,sym,q1,5945,0.1660172023638088,0.12443271366701397,0.6095878889823381,0.17931129965990927,0.19188337786227053,0.7330529857022708
ml-1m,0,GS-EASE,binary,0.3,sym,q2,4408,0.020890305053898515,0.02995412952404231,0.09097096188747732,0.0296891476546222,0.054879161386638106,0.16379310344827586
ml-1m,0,GS-EASE,binary,0.3,sym,q3,2895,0.0016214106459018296,0.0030378046440222607,0.0062176165803108805,0.0026119690139065534,0.006006524659374399,0.013471502590673576
ml-1m,0,GS-EASE,binary,0.3,sym,q4,1659,0.0,0.0,0.0,0.00030287040482539186,0.0012055455093429777,0.0012055455093429777
ml-1m,0,GS-EASE,binary,0.3,sym,q5,693,0.0,0.0,0.0,0.0,0.0,0.0
ml-1m,0,Lap-EASE,binary,1.0,sym,overall,6008,0.3679153525714631,0.22721291766253296,0.8858189081225033,0.3688678343448232,0.3334291144099425,0.9374167776298269
ml-1m,0,Lap-EASE,binary,1.0,sym,q1,5945,0.3880665671468538,0.2910475692482049,0.888645920941968,0.4049273166553523,0.4235736848592757,0.9402859545836838
ml-1m,0,Lap-EASE,binary,1.0,sym,q2,4408,0.011077727587097814,0.02099842215936508,0.04900181488203267,0.021077982292504283,0.05175836252643252,0.11524500907441017
ml-1m,0,Lap-EASE,binary,1.0,sym,q3,2895,0.0012321588678132552,0.002216465169833045,0.0031088082901554403,0.002340656832273015,0.005833414330823657,0.011053540587219343
ml-1m,0,Lap-EASE,binary,1.0,sym,q4,1659,0.00042458251813651965,0.0009041591320072332,0.0012055455093429777,0.00042458251813651965,0.0009041591320072332,0.0012055455093429777
ml-1m,0,Lap-EASE,binary,1.0,sym,q5,693,0.0,0.0,0.0,0.0,0.0,0.0
ml-1m,0,GS-EASE,binary,1.0,sym,overall,6008,0.0968316637824276,0.04965321008750547,0.4270972037283622,0.09940402494644653,0.08206629977779323,0.5505992010652463
ml-1m,0,GS-EASE,binary,1.0,sym,q1,5945,0.09512607275231645,0.06310846130412442,0.41009251471825064,0.10180309662721163,0.10349180903011371,0.5300252312867956
ml-1m,0,GS-EASE,binary,1.0,sym,q2,4408,0.015438355409297952,0.022780693049275057,0.07146098003629764,0.021498311998020193,0.03974619012864464,0.12613430127041741
ml-1m,0,GS-EASE,binary,1.0,sym,q3,2895,0.0011637246572509358,0.0017251966992899636,0.0051813471502590676,0.0021363635621314213,0.004937631932450585,0.011744386873920553
ml-1m,0,GS-EASE,binary,1.0,sym,q4,1659,0.0003013863773357444,0.0006027727546714888,0.0006027727546714888,0.0003013863773357444,0.0006027727546714888,0.0006027727546714888
ml-1m,0,GS-EASE,binary,1.0,sym,q5,693,0.0,0.0,0.0,0.0,0.0,0.0
ml-1m,0,Lap-EASE,binary,3.0,sym,overall,6008,0.3695707232578683,0.22648317678186883,0.8844873501997337,0.37017342549648835,0.3335640433208979,0.9370838881491345
ml-1m,0,Lap-EASE,binary,3.0,sym,q1,5945,0.3903836722415755,0.2909068122292178,0.888309503784693,0.4077809054953996,0.42613809056138796,0.9411269974768713
ml-1m,0,Lap-EASE,binary,3.0,sym,q2,4408,0.009016425668316947,0.0170193099000561,0.03924682395644283,0.017360577563533507,0.04311972541173351,0.09278584392014519
ml-1m,0,Lap-EASE,binary,3.0,sym,q3,2895,0.0010406851843878025,0.0018710420264824409,0.002763385146804836,0.0017478481391501883,0.004293664500918387,0.007944732297063902
ml-1m,0,Lap-EASE,binary,3.0,sym,q4,1659,0.00025960009528233456,0.0006027727546714888,0.0006027727546714888,0.0003566723225814353,0.0009041591320072332,0.0012055455093429777
ml-1m,0,Lap-EASE,binary,3.0,sym,q5,693,0.0,0.0,0.0,0.0,0.0,0.0
ml-1m,0,GS-EASE,binary,3.0,sym,overall,6008,0.09156639695527699,0.04332474940405741,0.4011318242343542,0.09151086988962058,0.07062922775257884,0.5146471371504661
ml-1m,0,GS-EASE,binary,3.0,sym,q1,5945,0.08978995679748138,0.05577309690279874,0.3853658536585366,0.09378488442989552,0.09094513168306258,0.49486963835155595
ml-1m,0,GS-EASE,binary,3.0,sym,q2,4408,0.014278404715960744,0.0212411861474443,0.06647005444646098,0.020035681371042294,0.03761525173213982,0.1206896551724138
ml-1m,0,GS-EASE,binary,3.0,sym,q3,2895,0.0011132200875023843,0.0016561120706198426,0.004835924006908463,0.0019169667691124508,0.004235271540971022,0.010362694300518135
ml-1m,0,GS-EASE,binary,3.0,sym,q4,1659,0.0003803072655644711,0.0006027727546714888,0.0006027727546714888,0.00046582197434445554,0.0009041591320072332,0.0012055455093429777
ml-1m,0,GS-EASE,binary,3.0,sym,q5,693,0.0,0.0,0.0,0.0,0.0,0.0
ml-1m,0,Lap-EASE,binary,10.0,sym,overall,6008,0.366097591688035,0.22106395277872928,0.8769973368841545,0.3653959425355463,0.3256395018829451,0.9307589880159787
ml-1m,0,Lap-EASE,binary,10.0,sym,q1,5945,0.38805201250516985,0.2861605191716766,0.8834314550042052,0.40470068091554806,0.42000348335153925,0.936753574432296
ml-1m,0,Lap-EASE,binary,10.0,sym,q2,4408,0.00583758502363458,0.011047409099972092,0.0249546279491833,0.011829408964423456,0.030435003329062647,0.0603448275862069
ml-1m,0,Lap-EASE,binary,10.0,sym,q3,2895,0.0005981891636156716,0.000978698906160046,0.0017271157167530224,0.0009239671863138973,0.0020355292376017763,0.0034542314335060447
ml-1m,0,Lap-EASE,binary,10.0,sym,q4,1659,0.00021471198740688499,0.0006027727546714888,0.0006027727546714888,0.00021471198740688499,0.0006027727546714888,0.0006027727546714888
ml-1m,0,Lap-EASE,binary,10.0,sym,q5,693,0.0,0.0,0.0,0.0,0.0,0.0
ml-1m,0,GS-EASE,binary,10.0,sym,overall,6008,0.11230408802101059,0.053147446402810286,0.46537949400798934,0.11067526851654974,0.08539186674919368,0.5719041278295606
ml-1m,0,GS-EASE,binary,10.0,sym,q1,5945,0.11267300193588348,0.07003403898366092,0.45315391084945333,0.11588645687640652,0.11153448111464129,0.5571068124474349
ml-1m,0,GS-EASE,binary,10.0,sym,q2,4408,0.01318664734912676,0.02039418884449275,0.06465517241379311,0.020373988689938675,0.04058185225310404,0.12681488203266789
ml-1m,0,GS-EASE,binary,10.0,sym,q3,2895,0.0009090561508411426,0.0015179428132796008,0.004145077720207254,0.0012816055385672749,0.0025139128766071767,0.007253886010362694
ml-1m,0,GS-EASE,binary,10.0,sym,q4,1659,0.0003013863773357444,0.0006027727546714888,0.0006027727546714888,0.0003013863773357444,0.0006027727546714888,0.0006027727546714888
ml-1m,0,GS-EASE,binary,10.0,sym,q5,693,0.0,0.0,0.0,0.0,0.0,0.0
ml-1m,0,Lap-EASE,itemknn,0.3,sym,overall,6008,0.3652907276480279,0.22602606020346042,0.8849866844207723,0.3667684800347387,0.33227763356081746,0.9370838881491345
ml-1m,0,Lap-EASE,itemknn,0.3,sym,q1,5945,0.38472667141434186,0.2888538822116006,0.8878048780487805,0.4016875106997609,0.4207855016860244,0.9386038687973086
ml-1m,0,Lap-EASE,itemknn,0.3,sym,q2,4408,0.012294296381326328,0.022736293986903144,0.05467332123411978,0.02312222603772634,0.055349389561226967,0.12931034482758622
ml-1m,0,Lap-EASE,itemknn,0.3,sym,q3,2895,0.0013212218519009296,0.0023028209556706964,0.0034542314335060447,0.0026924619962098604,0.0068408984989295875,0.012435233160621761
ml-1m,0,Lap-EASE,itemknn,0.3,sym,q4,1659,0.0005394803352284801,0.0009041591320072332,0.0012055455093429777,0.0005394803352284801,0.0009041591320072332,0.0012055455093429777
ml-1m,0,Lap-EASE,itemknn,0.3,sym,q5,693,0.0,0.0,0.0,0.0,0.0,0.0
ml-1m,0,GS-EASE,itemknn,0.3,sym,overall,6008,0.3468861912412931,0.21672407410513633,0.8781624500665779,0.3505208817316778,0.32054936195857886,0.9312583222370173
ml-1m,0,GS-EASE,itemknn,0.3,sym,q1,5945,0.35986797039043644,0.27191713086862535,0.8761984861227923,0.3770985558421887,0.39802017501096065,0.9300252312867956
ml-1m,0,GS-EASE,itemknn,0.3,sym,q2,4408,0.02161069686425384,0.035951914912063045,0.0941470054446461,0.03448157614805244,0.0733411326760687,0.19033575317604357
ml-1m,0,GS-EASE,itemknn,0.3,sym,q3,2895,0.003507698104179909,0.006911482300083336,0.012435233160621761,0.007227743675062604,0.01916520472925773,0.03592400690846287
ml-1m,0,GS-EASE,itemknn,0.3,sym,q4,1659,0.0012477172658448264,0.0022101667671287927,0.0030138637733574444,0.0015992390941103895,0.0035362668274060683,0.004822182037371911
ml-1m,0,GS-EASE,itemknn,0.3,sym,q5,693,0.0,0.0,0.0,0.0,0.0,0.0
ml-1m,0,Lap-EASE,itemknn,1.0,sym,overall,6008,0.36814404220024033,0.22721721361215844,0.8866511318242344,0.3694011029690121,0.3340511132148688,0.9374167776298269
ml-1m,0,Lap-EASE,itemknn,1.0,sym,q1,5945,0.38810264879848433,0.2912171165139301,0.8896551724137931,0.4050817418577797,0.4239368730332562,0.9397813288477712
ml-1m,0,Lap-EASE,itemknn,1.0,sym,q2,4408,0.011467044536090806,0.02106912318354641,0.050816696914700546,0.021768634939174004,0.05251685257746073,0.12091651542649728
ml-1m,0,Lap-EASE,itemknn,1.0,sym,q3,2895,0.0012682629535452137,0.002216465169833045,0.0031088082901554403,0.00252909948866264,0.006265193260011912,0.012089810017271158
ml-1m,0,Lap-EASE,itemknn,1.0,sym,q4,1659,0.00046055944699975343,0.0009041591320072332,0.0012055455093429777,0.00046055944699975343,0.0009041591320072332,0.0012055455093429777
ml-1m,0,Lap-EASE,itemknn,1.0,sym,q5,693,0.0,0.0,0.0,0.0,0.0,0.0
ml-1m,0,GS-EASE,itemknn,1.0,sym,overall,6008,0.27688325481611115,0.17206212142212782,0.8154127829560586,0.2830747384902413,0.26395840597743,0.8973035952063915
ml-1m,0,GS-EASE,itemknn,1.0,sym,q1,5945,0.27594995309054376,0.20938033709719933,0.8015138772077376,0.29327523733575567,0.31800459233671613,0.888645920941968
ml-1m,0,GS-EASE,itemknn,1.0,sym,q2,4408,0.03538275833978521,0.05175089156383831,0.1483666061705989,0.04939336476357801,0.09363926356866267,0.2511343012704174
ml-1m,0,GS-EASE,itemknn,1.0,sym,q3,2895,0.009842397395063426,0.017045103164054547,0.03696027633851468,0.01438993619237124,0.031618164773291,0.06735751295336788
ml-1m,0,GS-EASE,itemknn,1.0,sym,q4,1659,0.0017842830873175093,0.0034157122764717704,0.004219409282700422,0.0030248368324378066,0.007651350056413349,0.012055455093429777
ml-1m,0,GS-EASE,itemknn,1.0,sym,q5,693,0.0,0.0,0.0,0.0,0.0,0.0
ml-1m,0,Lap-EASE,itemknn,3.0,sym,overall,6008,0.36969573983881066,0.2266555164066696,0.883988015978695,0.37051106519301935,0.3342014616331068,0.936750998668442
ml-1m,0,Lap-EASE,itemknn,3.0,sym,q1,5945,0.39016971185993277,0.29085967723587963,0.8874684608915054,0.40721397973471307,0.4254676436809718,0.9401177460050463
ml-1m,0,Lap-EASE,itemknn,3.0,sym,q2,4408,0.009605132167960247,0.01735461388260335,0.04219600725952813,0.01926052859302543,0.047641451361218834,0.10571687840290381
ml-1m,0,Lap-EASE,itemknn,3.0,sym,q3,2895,0.0011301514054093138,0.0021301093839953943,0.002763385146804836,0.001967185403140567,0.004794528058776763,0.008981001727115717
ml-1m,0,Lap-EASE,itemknn,3.0,sym,q4,1659,0.00038279623608310985,0.0009041591320072332,0.0012055455093429777,0.00038279623608310985,0.0009041591320072332,0.0012055455093429777
ml-1m,0,Lap-EASE,itemknn,3.0,sym,q5,693,0.0,0.0,0.0,0.0,0.0,0.0
ml-1m,0,GS-EASE,itemknn,3.0,sym,overall,6008,0.20507624290308055,0.12441514076651672,0.7235352862849534,0.2122570217465409,0.19968484988912735,0.8303928095872171
ml-1m,0,GS-EASE,itemknn,3.0,sym,q1,5945,0.19422982918105572,0.14697859089541263,0.6925147182506308,0.21022423120486336,0.2340311279789355,0.8090832632464255
ml-1m,0,GS-EASE,itemknn,3.0,sym,q2,4408,0.042041768500991894,0.05829945351604235,0.17422867513611615,0.05612344045473843,0.10107187432370669,0.2767695099818512
ml-1m,0,GS-EASE,itemknn,3.0,sym,q3,2895,0.014129286526950445,0.023429359740946662,0.05457685664939551,0.019364112211971686,0.039752256167298855,0.0929188255613126
ml-1m,0,GS-EASE,itemknn,3.0,sym,q4,1659,0.0032846593839935233,0.0063352962087139305,0.011452682338758288,0.0052776569441975564,0.01280003400256565,0.024110910186859555
ml-1m,0,GS-EASE,itemknn,3.0,sym,q5,693,0.0,0.0,0.0,0.0002264645662019191,0.0007215007215007215,0.001443001443001443
ml-1m,0,Lap-EASE,itemknn,10.0,sym,overall,6008,0.36563065857055943,0.22184025453239764,0.8781624500665779,0.3652331045695472,0.326509544230836,0.9322569906790945
ml-1m,0,Lap-EASE,itemknn,10.0,sym,q1,5945,0.38696286289195087,0.28623064227546574,0.8839360807401178,0.4035343667738989,0.41967992358035094,0.9374264087468461
ml-1m,0,Lap-EASE,itemknn,10.0,sym,q2,4408,0.00686326267676414,0.012356867556744503,0.031079854809437386,0.01359817701636188,0.03314315150196389,0.07418330308529945
ml-1m,0,Lap-EASE,itemknn,10.0,sym,q3,2895,0.0007906929551173321,0.0013241220495106504,0.002072538860103627,0.0012372534357707767,0.002586287249499685,0.005526770293609672
ml-1m,0,Lap-EASE,itemknn,10.0,sym,q4,1659,0.00025960009528233456,0.0006027727546714888,0.0006027727546714888,0.0003500201031836835,0.0009041591320072332,0.0012055455093429777
ml-1m,0,Lap-EASE,itemknn,10.0,sym,q5,693,0.0,0.0,0.0,0.0,0.0,0.0
ml-1m,0,GS-EASE,itemknn,10.0,sym,overall,6008,0.1945208950322652,0.11558741970559007,0.7012316910785619,0.2017975696219348,0.18883411617227622,0.8170772303595206
ml-1m,0,GS-EASE,itemknn,10.0,sym,q1,5945,0.1807863722229183,0.13592242450539274,0.6676198486122792,0.19672274627698544,0.21953252548647617,0.791757779646762
ml-1m,0,GS-EASE,itemknn,10.0,sym,q2,4408,0.04373865414449838,0.05767277333298834,0.18443738656987296,0.05848624918280221,0.10405236160019035,0.28584392014519056
ml-1m,0,GS-EASE,itemknn,10.0,sym,q3,2895,0.014439491632057969,0.022595410873452654,0.059412780656303975,0.02068489581317789,0.04244353682817848,0.10189982728842832
ml-1m,0,GS-EASE,itemknn,10.0,sym,q4,1659,0.003944939160145279,0.006919198374894578,0.013863773357444244,0.006311335191561132,0.01468317433507307,0.03074141048824593
ml-1m,0,GS-EASE,itemknn,10.0,sym,q5,693,0.0,0.0,0.0,0.0005799928189272805,0.0018037518037518038,0.004329004329004329
ml-1m,1,EASE,,0.0,,overall,6006,0.3623488874914095,0.22293921857668994,0.8771228771228772,0.36349761852879936,0.3275426777323132,0.9347319347319347
ml-1m,1,EASE,,0.0,,q1,5944,0.38319038326108074,0.2877949233136622,0.8787012113055181,0.3991817514077507,0.41757261600288986,0.9348923283983849
ml-1m,1,EASE,,0.0,,q2,4502,0.01205887595139317,0.02235818320977583,0.051754775655264325,0.02297310124182566,0.05498483172293008,0.13194135939582408
ml-1m,1,EASE,,0.0,,q3,2861,0.0014036252069079909,0.002933123616451124,0.004543865781195386,0.004180845676298599,0.012439538693470885,0.020272631946871723
ml-1m,1,EASE,,0.0,,q4,1641,0.000124547469584696,0.0003046922608165753,0.0006093845216331506,0.0002736337231607021,0.0009140767824497258,0.001218769043266301
ml-1m,1,EASE,,0.0,,q5,685,0.0,0.0,0.0,0.0,0.0,0.0
ml-1m,1,Lap-EASE,rp3beta,0.3,sym,overall,6006,0.36400194574732786,0.2234076552452213,0.8772893772893773,0.3652606844430805,0.32870530858040287,0.9355644355644356
ml-1m,1,Lap-EASE,rp3beta,0.3,sym,q1,5944,0.3852081383153688,0.2887479808330896,0.8790376850605652,0.4014583071233367,0.4196123343320825,0.9365746971736204
ml-1m,1,Lap-EASE,rp3beta,0.3,sym,q2,4502,0.011662929367852876,0.021702609792964008,0.04975566414926699,0.022429742529620485,0.053807689352984515,0.12860950688582853
ml-1m,1,Lap-EASE,rp3beta,0.3,sym,q3,2861,0.001362094668421254,0.002933123616451124,0.004543865781195386,0.004005533152342541,0.012104574228831481,0.019923103809856693
ml-1m,1,Lap-EASE,rp3beta,0.3,sym,q4,1641,0.00013309411140655954,0.0003046922608165753,0.0006093845216331506,0.00028218036498256564,0.0009140767824497258,0.001218769043266301
ml-1m,1,Lap-EASE,rp3beta,0.3,sym,q5,685,0.0,0.0,0.0,0.0,0.0,0.0
ml-1m,1,GS-EASE,rp3beta,0.3,sym,overall,6006,0.36400076198131975,0.2234076552452213,0.8772893772893773,0.3652702781881173,0.3287290943184743,0.9355644355644356
ml-1m,1,GS-EASE,rp3beta,0.3,sym,q1,5944,0.3852069422018686,0.2887479808330896,0.8790376850605652,0.40147047272274,0.41964598170758727,0.9365746971736204
ml-1m,1,GS-EASE,rp3beta,0.3,sym,q2,4502,0.011662929367852876,0.021702609792964008,0.04975566414926699,0.022429742529620485,0.053807689352984515,0.12860950688582853
ml-1m,1,GS-EASE,rp3beta,0.3,sym,q3,2861,0.001362094668421254,0.002933123616451124,0.004543865781195386,0.004005533152342541,0.012104574228831481,0.019923103809856693
ml-1m,1,GS-EASE,rp3beta,0.3,sym,q4,1641,0.00013309411140655954,0.0003046922608165753,0.0006093845216331506,0.00028218036498256564,0.0009140767824497258,0.001218769043266301
ml-1m,1,GS-EASE,rp3beta,0.3,sym,q5,685,0.0,0.0,0.0,0.0,0.0,0.0
ml-1m,1,Lap-EASE,rp3beta,1.0,sym,overall,6006,0.365875706453301,0.22367601398271958,0.8781218781218781,0.36742664750574167,0.33025645924568997,0.9347319347319347
ml-1m,1,Lap-EASE,rp3beta,1.0,sym,q1,5944,0.38755200214425545,0.2897088665683564,0.8803835800807537,0.40431807032421085,0.42208794665370647,0.9360699865410498
ml-1m,1,Lap-EASE,rp3beta,1.0,sym,q2,4502,0.010715308514921586,0.01974774095006955,0.04486894713460684,0.021235829209068094,0.0512544942362246,0.1212794313638383
ml-1m,1,Lap-EASE,rp3beta,1.0,sym,q3,2861,0.001170805430520342,0.0024088314109285795,0.004194337644180357,0.003761533514107531,0.011603848693153132,0.018175463124781546
ml-1m,1,Lap-EASE,rp3beta,1.0,sym,q4,1641,0.000124547469584696,0.0003046922608165753,0.0006093845216331506,0.00026554577132738896,0.0009140767824497258,0.001218769043266301
ml-1m,1,Lap-EASE,rp3beta,1.0,sym,q5,685,0.0,0.0,0.0,0.0,0.0,0.0
ml-1m,1,GS-EASE,rp3beta,1.0,sym,overall,6006,0.36590126399620626,0.22369431070431303,0.8782883782883782,0.3674668431676371,0.3303266722056295,0.9347319347319347
ml-1m,1,GS-EASE,rp3beta,1.0,sym,q1,5944,0.3875661759801845,0.28971687784823846,0.8803835800807537,0.4043722881128168,0.422265925452984,0.9362382234185733
ml-1m,1,GS-EASE,rp3beta,1.0,sym,q2,4502,0.010738203591045681,0.019792165650202826,0.04509107063527321,0.02125257425468656,0.05128622616489123,0.12150155486450466
ml-1m,1,GS-EASE,rp3beta,1.0,sym,q3,2861,0.001170805430520342,0.0024088314109285795,0.004194337644180357,0.003761533514107531,0.011603848693153132,0.018175463124781546
ml-1m,1,GS-EASE,rp3beta,1.0,sym,q4,1641,0.000124547469584696,0.0003046922608165753,0.0006093845216331506,0.00026554577132738896,0.0009140767824497258,0.001218769043266301
ml-1m,1,GS-EASE,rp3beta,1.0,sym,q5,685,0.0,0.0,0.0,0.0,0.0,0.0
ml-1m,1,Lap-EASE,rp3beta,3.0,sym,overall,6006,0.36734150242494956,0.2237131927836904,0.8774558774558775,0.3681888135613897,0.33012414765227727,0.9352314352314353
ml-1m,1,Lap-EASE,rp3beta,3.0,sym,q1,5944,0.389635034201453,0.29025715112510797,0.8807200538358008,0.4063010455744638,0.42383128751165483,0.9372476446837147
ml-1m,1,Lap-EASE,rp3beta,3.0,sym,q2,4502,0.009349330741511733,0.017694881273581417,0.03909373611728121,0.018692768670426217,0.04592910167281614,0.10639715681919147
ml-1m,1,Lap-EASE,rp3beta,3.0,sym,q3,2861,0.0010971417751663446,0.002400093207503204,0.003844809507165327,0.00292172152929159,0.008781408986756768,0.014330653617616217
ml-1m,1,Lap-EASE,rp3beta,3.0,sym,q4,1641,0.00011787105643953127,0.0003046922608165753,0.0006093845216331506,0.00011787105643953127,0.0003046922608165753,0.0006093845216331506
ml-1m,1,Lap-EASE,rp3beta,3.0,sym,q5,685,0.0,0.0,0.0,0.0,0.0,0.0
ml-1m,1,GS-EASE,rp3beta,3.0,sym,overall,6006,0.36735762840410685,0.2237290499424047,0.8776223776223776,0.36821439556469054,0.33019440138721634,0.9352314352314353
ml-1m,1,GS-EASE,rp3beta,3.0,sym,q1,5944,0.3896421887444412,0.2902854953816473,0.8808882907133243,0.40631688464609056,0.4238838281555481,0.9372476446837147
ml-1m,1,GS-EASE,rp3beta,3.0,sym,q2,4502,0.009367013389110843,0.017719561662544348,0.03909373611728121,0.018696867916865197,0.04592910167281614,0.10639715681919147
ml-1m,1,GS-EASE,rp3beta,3.0,sym,q3,2861,0.0010971417751663446,0.002400093207503204,0.003844809507165327,0.0030012986871723844,0.009130937123771797,0.014680181754631249
ml-1m,1,GS-EASE,rp3beta,3.0,sym,q4,1641,0.00011787105643953127,0.0003046922608165753,0.0006093845216331506,0.00011787105643953127,0.0003046922608165753,0.0006093845216331506
ml-1m,1,GS-EASE,rp3beta,3.0,sym,q5,685,0.0,0.0,0.0,0.0,0.0,0.0
ml-1m,1,Lap-EASE,rp3beta,10.0,sym,overall,6006,0.3627411517372894,0.2184424829668868,0.8714618714618715,0.36223622285045054,0.32202888921285633,0.9302364302364302
ml-1m,1,Lap-EASE,rp3beta,10.0,sym,q1,5944,0.3858252764741475,0.2850717911984349,0.8761776581426649,0.4015826687034887,0.41658950849341925,0.9330417227456258
ml-1m,1,Lap-EASE,rp3beta,10.0,sym,q2,4502,0.006806188030875294,0.013066410086198677,0.028876055086628164,0.013748785529563679,0.03440854152283071,0.07574411372723235
ml-1m,1,Lap-EASE,rp3beta,10.0,sym,q3,2861,0.0004164092430345712,0.0006408015845275545,0.0013981125480601187,0.0017545450176207206,0.005294865820031846,0.009786787836420832
ml-1m,1,Lap-EASE,rp3beta,10.0,sym,q4,1641,0.0,0.0,0.0,0.00010097243495748296,0.0003046922608165753,0.0006093845216331506
ml-1m,1,Lap-EASE,rp3beta,10.0,sym,q5,685,0.0,0.0,0.0,0.0,0.0,0.0
ml-1m,1,GS-EASE,rp3beta,10.0,sym,overall,6006,0.3628073781360607,0.2185131815476967,0.8717948717948718,0.36227944167361087,0.32210962288292877,0.9305694305694305
ml-1m,1,GS-EASE,rp3beta,10.0,sym,q1,5944,0.385873228338812,0.28513154689213366,0.8763458950201884,0.4015925986043148,0.416602064526125,0.9332099596231493
ml-1m,1,GS-EASE,rp3beta,10.0,sym,q2,4502,0.006854569306509785,0.013177471836531863,0.029098178587294535,0.01382057892498552,0.03464235573405847,0.07618836072856508
ml-1m,1,GS-EASE,rp3beta,10.0,sym,q3,2861,0.0004164092430345712,0.0006408015845275545,0.0013981125480601187,0.0017545450176207206,0.005294865820031846,0.009786787836420832
ml-1m,1,GS-EASE,rp3beta,10.0,sym,q4,1641,0.0,0.0,0.0,0.00010097243495748296,0.0003046922608165753,0.0006093845216331506
ml-1m,1,GS-EASE,rp3beta,10.0,sym,q5,685,0.0,0.0,0.0,0.0,0.0,0.0
ml-1m,1,Lap-EASE,binary,0.3,sym,overall,6006,0.36400926878854817,0.2234769185057743,0.8777888777888778,0.3652767034980328,0.3288913155539295,0.9358974358974359
ml-1m,1,Lap-EASE,binary,0.3,sym,q1,5944,0.38527083720859306,0.28884271370168857,0.879542395693136,0.40164021784430387,0.4201705316261681,0.9372476446837147
ml-1m,1,Lap-EASE,binary,0.3,sym,q2,4502,0.011524983200518093,0.021626897062857413,0.049089293647267884,0.022123285858323568,0.05323705010149754,0.12772101288316304
ml-1m,1,Lap-EASE,binary,0.3,sym,q3,2861,0.001330789728335484,0.002924385413025749,0.004194337644180357,0.0039791152354634075,0.01214243977700811,0.019923103809856693
ml-1m,1,Lap-EASE,binary,0.3,sym,q4,1641,0.00011787105643953127,0.0003046922608165753,0.0006093845216331506,0.000264009061660818,0.0009140767824497258,0.001218769043266301
ml-1m,1,Lap-EASE,binary,0.3,sym,q5,685,0.0,0.0,0.0,0.0,0.0,0.0
ml-1m,1,GS-EASE,binary,0.3,sym,overall,6006,0.16553781162659062,0.10178741988398039,0.6307026307026307,0.17291131558956233,0.1594695964539709,0.7574092574092575
ml-1m,1,GS-EASE,binary,0.3,sym,q1,5944,0.1675409551105908,0.12822478636296136,0.6157469717362046,0.1816116755382452,0.19837473870107175,0.7412516823687753
ml-1m,1,GS-EASE,binary,0.3,sym,q2,4502,0.020665697037463137,0.03119691426803404,0.09018214127054643,0.030963407442565056,0.061017109817127616,0.16592625499777877
ml-1m,1,GS-EASE,binary,0.3,sym,q3,2861,0.0012534780193173758,0.003058542536203576,0.005941978329255505,0.002928587345446744,0.008566800831948765,0.016427822439706398
ml-1m,1,GS-EASE,binary,0.3,sym,q4,1641,0.0,0.0,0.0,0.0,0.0,0.0
ml-1m,1,GS-EASE,binary,0.3,sym,q5,685,0.0,0.0,0.0,0.0,0.0,0.0
ml-1m,1,Lap-EASE,binary,1.0,sym,overall,6006,0.3658111731993461,0.2236069058429276,0.8781218781218781,0.3670156749459678,0.3298624297890061,0.935064935064935
ml-1m,1,Lap-EASE,binary,1.0,sym,q1,5944,0.38770716872793576,0.2895776189550027,0.8805518169582772,0.4043218871034732,0.4221314640426906,0.9367429340511441
ml-1m,1,Lap-EASE,binary,1.0,sym,q2,4502,0.010141907307827651,0.01917134076412615,0.04264771212794314,0.020301549360359133,0.049540733052826476,0.11683696135051089
ml-1m,1,Lap-EASE,binary,1.0,sym,q3,2861,0.0011061698773714556,0.002400093207503204,0.003844809507165327,0.0035236706225402936,0.011150918482271156,0.016078294302691365
ml-1m,1,Lap-EASE,binary,1.0,sym,q4,1641,0.00011247757268712259,0.0003046922608165753,0.0006093845216331506,0.00011247757268712259,0.0003046922608165753,0.0006093845216331506
ml-1m,1,Lap-EASE,binary,1.0,sym,q5,685,0.0,0.0,0.0,0.0,0.0,0.0
ml-1m,1,GS-EASE,binary,1.0,sym,overall,6006,0.0967396389299121,0.04998349039042472,0.4245754245754246,0.10017856389879122,0.08506315144901969,0.5592740592740593
ml-1m,1,GS-EASE,binary,1.0,sym,q1,5944,0.09582267178602877,0.06420886805210299,0.4094885598923284,0.10304399747778788,0.1074629827385224,0.5375168236877523
ml-1m,1,GS-EASE,binary,1.0,sym,q2,4502,0.014596561454236207,0.022160889310013112,0.0655264326965793,0.021716258964763546,0.04267229781556416,0.12372278987116837
ml-1m,1,GS-EASE,binary,1.0,sym,q3,2861,0.0009866612267218824,0.0026162230009095563,0.004893393918210416,0.0020472895230177982,0.006014274520247339,0.01258301293254107
ml-1m,1,GS-EASE,binary,1.0,sym,q4,1641,0.0,0.0,0.0,0.00014908625357600613,0.0006093845216331506,0.0006093845216331506
ml-1m,1,GS-EASE,binary,1.0,sym,q5,685,0.0,0.0,0.0,0.0,0.0,0.0
ml-1m,1,Lap-EASE,binary,3.0,sym,overall,6006,0.3671728497035843,0.2231794189682139,0.8764568764568764,0.3677094844118125,0.3290280656404714,0.9353979353979354
ml-1m,1,Lap-EASE,binary,3.0,sym,q1,5944,0.3899582797453307,0.29029015460316665,0.879878869448183,0.4066031403927801,0.42352241357736997,0.9374158815612382
ml-1m,1,Lap-EASE,binary,3.0,sym,q2,4502,0.008270928896928514,0.016329835539761847,0.03398489560195469,0.01696984267214574,0.04327475637300176,0.09418036428254109
ml-1m,1,Lap-EASE,binary,3.0,sym,q3,2861,0.000913352449044912,0.002155423511592683,0.0031457532331352674,0.002383389885538099,0.007279894364829702,0.01188395665851101
ml-1m,1,Lap-EASE,binary,3.0,sym,q4,1641,0.0,0.0,0.0,9.141181786004744e-05,0.0003046922608165753,0.0006093845216331506
ml-1m,1,Lap-EASE,binary,3.0,sym,q5,685,0.0,0.0,0.0,0.0,0.0,0.0
ml-1m,1,GS-EASE,binary,3.0,sym,overall,6006,0.09140465709150598,0.043033926673332834,0.3981018981018981,0.0920429400483203,0.07233824090753839,0.518981018981019
ml-1m,1,GS-EASE,binary,3.0,sym,q1,5944,0.09080646628814905,0.05687228191761126,0.3835800807537012,0.09506230068400198,0.0934675555681171,0.4993270524899058
ml-1m,1,GS-EASE,binary,3.0,sym,q2,4502,0.013418667070249406,0.020955147824397734,0.06263882718791648,0.01955529722289267,0.03784406579391939,0.11306086183918258
ml-1m,1,GS-EASE,binary,3.0,sym,q3,2861,0.0007836422497509177,0.0018996903200287456,0.003844809507165327,0.0017713058457089635,0.005186503122745078,0.01083537224746592
ml-1m,1,GS-EASE,binary,3.0,sym,q4,1641,0.0,0.0,0.0,0.0002285218081848804,0.0009140767824497258,0.001218769043266301
ml-1m,1,GS-EASE,binary,3.0,sym,q5,685,0.0,0.0,0.0,0.0,0.0,0.0
ml-1m,1,Lap-EASE,binary,10.0,sym,overall,6006,0.3633999733935139,0.21815400909072882,0.86996336996337,0.36201039774373495,0.3203503672824575,0.9270729270729271
ml-1m,1,Lap-EASE,binary,10.0,sym,q1,5944,0.386963065548918,0.28554941474386236,0.8751682368775235,0.40256690133227163,0.4170030642922939,0.9316958277254375
ml-1m,1,Lap-EASE,binary,10.0,sym,q2,4502,0.005583065210143568,0.01130771931804806,0.02221235006663705,0.01080823081283485,0.027775174401424445,0.05597512216792536
ml-1m,1,Lap-EASE,binary,10.0,sym,q3,2861,0.00021431219600330596,0.00017476406850751484,0.0003495281370150297,0.0012150632417435938,0.0038418967726902018,0.006291506466270535
ml-1m,1,Lap-EASE,binary,10.0,sym,q4,1641,0.0,0.0,0.0,0.0,0.0,0.0
ml-1m,1,Lap-EASE,binary,10.0,sym,q5,685,0.0,0.0,0.0,0.0,0.0,0.0
ml-1m,1,GS-EASE,binary,10.0,sym,overall,6006,0.11348564475935705,0.054383387944596684,0.46386946386946387,0.11153698952137484,0.08551224425991168,0.578088578088578
ml-1m,1,GS-EASE,binary,10.0,sym,q1,5944,0.1149571954134535,0.07312882774690165,0.45407133243607,0.11737697184686074,0.11262554121712373,0.5625841184387618
ml-1m,1,GS-EASE,binary,10.0,sym,q2,4502,0.012865350866045067,0.020658970597158467,0.06241670368725011,0.0199259919378436,0.03987252783175192,0.12172367836517103
ml-1m,1,GS-EASE,binary,10.0,sym,q3,2861,0.0005576150334236009,0.001284932008455252,0.002446696959105208,0.0015560435210505267,0.004454990664563624,0.009087731562390773
ml-1m,1,GS-EASE,binary,10.0,sym,q4,1641,0.0,0.0,0.0,0.0,0.0,0.0
ml-1m,1,GS-EASE,binary,10.0,sym,q5,685,0.0,0.0,0.0,0.0,0.0,0.0
ml-1m,1,Lap-EASE,itemknn,0.3,sym,overall,6006,0.3640473511892206,0.22341172653419172,0.8772893772893773,0.36537367483400934,0.32904971193966387,0.9355644355644356
ml-1m,1,Lap-EASE,itemknn,0.3,sym,q1,5944,0.38522812502224224,0.28867845980466633,0.8790376850605652,0.40163227615429,0.42012257930285496,0.9367429340511441
ml-1m,1,Lap-EASE,itemknn,0.3,sym,q2,4502,0.011642625123733923,0.02162486656773078,0.04997778764993336,0.022370564229100408,0.05370728504333987,0.12860950688582853
ml-1m,1,Lap-EASE,itemknn,0.3,sym,q3,2861,0.0013632051187821028,0.002933123616451124,0.004543865781195386,0.004002220757813114,0.012104574228831481,0.019923103809856693
ml-1m,1,Lap-EASE,itemknn,0.3,sym,q4,1641,0.000124547469584696,0.0003046922608165753,0.0006093845216331506,0.00027068547480598267,0.0009140767824497258,0.001218769043266301
ml-1m,1,Lap-EASE,itemknn,0.3,sym,q5,685,0.0,0.0,0.0,0.0,0.0,0.0
ml-1m,1,GS-EASE,itemknn,0.3,sym,overall,6006,0.34527410996985186,0.21263440849669699,0.8682983682983683,0.3486092336097728,0.31653728968357026,0.9272394272394272
ml-1m,1,GS-EASE,itemknn,0.3,sym,q1,5944,0.3590973763244407,0.2692761483698378,0.865578734858681,0.3758826468324019,0.3955857186358877,0.9253028263795424
ml-1m,1,GS-EASE,itemknn,0.3,sym,q2,4502,0.02132458531966121,0.03606321011602736,0.09418036428254109,0.03482720162210116,0.07524233419233098,0.1959129275877388
ml-1m,1,GS-EASE,itemknn,0.3,sym,q3,2861,0.004829422201027414,0.010449100784647796,0.018524991261796575,0.0077337156062985,0.01982178872846898,0.03844809507165327
ml-1m,1,GS-EASE,itemknn,0.3,sym,q4,1641,0.0006709633247733604,0.0018281535648994515,0.002437538086532602,0.0013406318112758873,0.004418037781840341,0.004875076173065204
ml-1m,1,GS-EASE,itemknn,0.3,sym,q5,685,0.0005647486237000608,0.00145985401459854,0.00145985401459854,0.0009592568783384839,0.00291970802919708,0.00291970802919708
ml-1m,1,Lap-EASE,itemknn,1.0,sym,overall,6006,0.3658825770848197,0.22366946134321852,0.8782883782883782,0.3674940183656522,0.3304756289641464,0.9357309357309357
ml-1m,1,Lap-EASE,itemknn,1.0,sym,q1,5944,0.38764048320871686,0.28968019856754995,0.8805518169582772,0.40449087348515544,0.42258026445217045,0.9372476446837147
ml-1m,1,Lap-EASE,itemknn,1.0,sym,q2,4502,0.010515205975537375,0.019330598304472885,0.04486894713460684,0.021134729070659435,0.0509807588891885,0.12239004886717014
ml-1m,1,Lap-EASE,itemknn,1.0,sym,q3,2861,0.0011365000591818531,0.0024088314109285795,0.004194337644180357,0.0035819571617358666,0.01101547632917783,0.017126878713736457
ml-1m,1,Lap-EASE,itemknn,1.0,sym,q4,1641,0.000124547469584696,0.0003046922608165753,0.0006093845216331506,0.0002680020176448046,0.0009140767824497258,0.001218769043266301
ml-1m,1,Lap-EASE,itemknn,1.0,sym,q5,685,0.0,0.0,0.0,0.0,0.0,0.0
ml-1m,1,GS-EASE,itemknn,1.0,sym,overall,6006,0.2762078873309619,0.17081224752825827,0.8141858141858141,0.2819750520823953,0.26277574861371655,0.8962703962703963
ml-1m,1,GS-EASE,itemknn,1.0,sym,q1,5944,0.2756553897908401,0.21013754456227435,0.8014804845222072,0.29259003652245036,0.3183810811523348,0.8887954239569313
ml-1m,1,GS-EASE,itemknn,1.0,sym,q2,4502,0.03550292462720344,0.052226136480821014,0.15437583296312749,0.049658013066048466,0.09550261907946833,0.2558862727676588
ml-1m,1,GS-EASE,itemknn,1.0,sym,q3,2861,0.010268055427048159,0.017184375654145732,0.03635092624956309,0.015204010971641603,0.03202754972485973,0.07235232436211116
ml-1m,1,GS-EASE,itemknn,1.0,sym,q4,1641,0.0018238744389463342,0.003960999390615478,0.0042656916514320535,0.003565801632065578,0.010156408693885843,0.012797074954296161
ml-1m,1,GS-EASE,itemknn,1.0,sym,q5,685,0.002024602638298601,0.00291970802919708,0.00291970802919708,0.0027254193616341694,0.00583941605839416,0.00583941605839416
ml-1m,1,Lap-EASE,itemknn,3.0,sym,overall,6006,0.3672840298557243,0.2234307058356372,0.8762903762903763,0.36815650983912895,0.329896382463988,0.9352314352314353
ml-1m,1,Lap-EASE,itemknn,3.0,sym,q1,5944,0.38944914391905816,0.2898504731572434,0.8793741588156124,0.40620728236092857,0.4235335659818246,0.9369111709286676
ml-1m,1,Lap-EASE,itemknn,3.0,sym,q2,4502,0.0092977500951602,0.0176549078578861,0.03953798311861395,0.01859115453982236,0.045907482238173536,0.10772989782318969
ml-1m,1,Lap-EASE,itemknn,3.0,sym,q3,2861,0.0010559386750236873,0.002346207619713387,0.004194337644180357,0.0027388619623328414,0.008300807798361102,0.013631597343586158
ml-1m,1,Lap-EASE,itemknn,3.0,sym,q4,1641,0.00011787105643953127,0.0003046922608165753,0.0006093845216331506,0.00011787105643953127,0.0003046922608165753,0.0006093845216331506
ml-1m,1,Lap-EASE,itemknn,3.0,sym,q5,685,0.0,0.0,0.0,0.0,0.0,0.0
ml-1m,1,GS-EASE,itemknn,3.0,sym,overall,6006,0.2059037554325681,0.12466543889194587,0.7201132201132201,0.21294342892290663,0.19889730310892872,0.8286713286713286
ml-1m,1,GS-EASE,itemknn,3.0,sym,q1,5944,0.1945329781036783,0.14762890072817467,0.6884253028263796,0.21039876646457642,0.23329040417621766,0.8066958277254375
ml-1m,1,GS-EASE,itemknn,3.0,sym,q2,4502,0.043501736275926337,0.061483729533780236,0.18325188804975567,0.057401454939225334,0.10412033733933074,0.28698356286095067
ml-1m,1,GS-EASE,itemknn,3.0,sym,q3,2861,0.014522792814840198,0.022916120070996138,0.054875917511359666,0.02164331132486439,0.044752935333727956,0.10485844110450891
ml-1m,1,GS-EASE,itemknn,3.0,sym,q4,1641,0.004117019867769085,0.008907170424537883,0.01218769043266301,0.005975398009522802,0.015082530713243694,0.02315661182205972
ml-1m,1,GS-EASE,itemknn,3.0,sym,q5,685,0.0029711040309153424,0.00583941605839416,0.00583941605839416,0.0036981966563223966,0.008759124087591242,0.008759124087591242
ml-1m,1,Lap-EASE,itemknn,10.0,sym,overall,6006,0.362524967772306,0.21798982945554535,0.868964368964369,0.3614398675339157,0.3204385179334655,0.9277389277389277
ml-1m,1,Lap-EASE,itemknn,10.0,sym,q1,5944,0.3854700203687776,0.2845336744092155,0.8736541049798116,0.40074001604004456,0.4151475247981124,0.9313593539703903
ml-1m,1,Lap-EASE,itemknn,10.0,sym,q2,4502,0.0065511012891327405,0.012336627046582015,0.028876055086628164,0.013220148364730608,0.032957423957225826,0.07396712572190138
ml-1m,1,Lap-EASE,itemknn,10.0,sym,q3,2861,0.0004049393670538616,0.0006408015845275545,0.0013981125480601187,0.0015722939151672694,0.004611829585614975,0.009087731562390773
ml-1m,1,Lap-EASE,itemknn,10.0,sym,q4,1641,0.0,0.0,0.0,8.795875343249314e-05,0.0003046922608165753,0.0006093845216331506
ml-1m,1,Lap-EASE,itemknn,10.0,sym,q5,685,0.0,0.0,0.0,0.0,0.0,0.0
ml-1m,1,GS-EASE,itemknn,10.0,sym,overall,6006,0.19523780120960482,0.11741244974168157,0.7082917082917083,0.20263573345843197,0.18975009368276435,0.8175158175158175
ml-1m,1,GS-EASE,itemknn,10.0,sym,q1,5944,0.1816520997047606,0.1387833739699565,0.6704239569313594,0.19730153752108728,0.22099602330735368,0.7917227456258412
ml-1m,1,GS-EASE,itemknn,10.0,sym,q2,4502,0.04433046427362594,0.06046674634864859,0.18725011106175032,0.059455436949918006,0.10752638667368555,0.29475788538427367
ml-1m,1,GS-EASE,itemknn,10.0,sym,q3,2861,0.014977084696032542,0.02178565123896421,0.0576721426074799,0.023135324264468377,0.04655679167645875,0.10975183502271933
ml-1m,1,GS-EASE,itemknn,10.0,sym,q4,1641,0.004755656698390853,0.008962569017413624,0.012797074954296161,0.006363376849383835,0.014068211002709597,0.02376599634369287
ml-1m,1,GS-EASE,itemknn,10.0,sym,q5,685,0.0029885714314205883,0.00583941605839416,0.00583941605839416,0.003881246751091399,0.00924574209245742,0.010218978102189781
ml-1m,2,EASE,,0.0,,overall,6004,0.35886470515172914,0.2220393416816548,0.8794137241838774,0.3618476700911453,0.32899075921234416,0.9390406395736176
ml-1m,2,EASE,,0.0,,q1,5935,0.37902812893179005,0.28612547104598174,0.8828980623420387,0.39712320949052954,0.41959639568701584,0.9415332771693344
ml-1m,2,EASE,,0.0,,q2,4474,0.012509034903147354,0.02314072548323651,0.05364327223960662,0.022497243045295677,0.05310831455626426,0.13008493518104605
ml-1m,2,EASE,,0.0,,q3,2899,0.0018512851773931534,0.004285002491280518,0.006553984132459468,0.0037454383948627677,0.010479288875490406,0.017592273197654364
ml-1m,2,EASE,,0.0,,q4,1585,0.00018992428748516163,0.0006309148264984228,0.0006309148264984228,0.0004371601877160728,0.0015772870662460567,0.0018927444794952682
ml-1m,2,EASE,,0.0,,q5,666,0.0,0.0,0.0,0.0,0.0,0.0
ml-1m,2,Lap-EASE,rp3beta,0.3,sym,overall,6004,0.36104801600985664,0.22237247419074907,0.8800799467021986,0.3639793395501072,0.33046040415794664,0.9383744170552965
ml-1m,2,Lap-EASE,rp3beta,0.3,sym,q1,5935,0.3814978285859144,0.28682051523207697,0.8837405223251895,0.39984475201998493,0.422170308406873,0.941027801179444
ml-1m,2,Lap-EASE,rp3beta,0.3,sym,q2,4474,0.01202756322372101,0.022173466082401394,0.051408135896289675,0.021555433716404386,0.05045706810496776,0.12382655341975861
ml-1m,2,Lap-EASE,rp3beta,0.3,sym,q3,2899,0.0018272966459896155,0.004285002491280518,0.006553984132459468,0.0035569692012112457,0.00995037085778315,0.017247326664367024
ml-1m,2,Lap-EASE,rp3beta,0.3,sym,q4,1585,0.00018992428748516163,0.0006309148264984228,0.0006309148264984228,0.00043378513542473274,0.0015772870662460567,0.0018927444794952682
ml-1m,2,Lap-EASE,rp3beta,0.3,sym,q5,666,0.0,0.0,0.0,0.0,0.0,0.0
ml-1m,2,GS-EASE,rp3beta,0.3,sym,overall,6004,0.3610590039851473,0.22237247419074907,0.8800799467021986,0.36399692080943524,0.33048122361164417,0.9383744170552965
ml-1m,2,GS-EASE,rp3beta,0.3,sym,q1,5935,0.3815089443068319,0.28682051523207697,0.8837405223251895,0.39986864996149446,0.4222124314060305,0.941027801179444
ml-1m,2,GS-EASE,rp3beta,0.3,sym,q2,4474,0.01202756322372101,0.022173466082401394,0.051408135896289675,0.021556096758970758,0.05045706810496776,0.12382655341975861
ml-1m,2,GS-EASE,rp3beta,0.3,sym,q3,2899,0.0018272966459896155,0.004285002491280518,0.006553984132459468,0.0035569692012112457,0.00995037085778315,0.017247326664367024
ml-1m,2,GS-EASE,rp3beta,0.3,sym,q4,1585,0.00018992428748516163,0.0006309148264984228,0.0006309148264984228,0.00043378513542473274,0.0015772870662460567,0.0018927444794952682
ml-1m,2,GS-EASE,rp3beta,0.3,sym,q5,666,0.0,0.0,0.0,0.0,0.0,0.0
ml-1m,2,Lap-EASE,rp3beta,1.0,sym,overall,6004,0.3638667614731713,0.2233331963104767,0.8814123917388408,0.3660514121253881,0.33151345635457385,0.9390406395736176
ml-1m,2,Lap-EASE,rp3beta,1.0,sym,q1,5935,0.3847565093311698,0.28883088130463563,0.8855939342881213,0.4025325902044213,0.42424064960416047,0.9420387531592249
ml-1m,2,Lap-EASE,rp3beta,1.0,sym,q2,4474,0.011411787907920228,0.020609667740964944,0.04805543138131426,0.020711158278524607,0.04890540281553004,0.11399195350916407
ml-1m,2,Lap-EASE,rp3beta,1.0,sym,q3,2899,0.001602509522643057,0.003698593384692039,0.005519144532597447,0.0032548552806685995,0.00934096531564218,0.015522593997930321
ml-1m,2,Lap-EASE,rp3beta,1.0,sym,q4,1585,0.0,0.0,0.0,0.00040987129013261934,0.0015772870662460567,0.0018927444794952682
ml-1m,2,Lap-EASE,rp3beta,1.0,sym,q5,666,0.0,0.0,0.0,0.0,0.0,0.0
ml-1m,2,GS-EASE,rp3beta,1.0,sym,overall,6004,0.3638554753853243,0.2233368076263741,0.8814123917388408,0.3660484245307956,0.3315193391848238,0.9390406395736176
ml-1m,2,GS-EASE,rp3beta,1.0,sym,q1,5935,0.3847441328423998,0.288835068075461,0.8855939342881213,0.40252691477977004,0.4242448905591777,0.9420387531592249
ml-1m,2,GS-EASE,rp3beta,1.0,sym,q2,4474,0.011411787907920228,0.020609667740964944,0.04805543138131426,0.02071120014629224,0.04890540281553004,0.11399195350916407
ml-1m,2,GS-EASE,rp3beta,1.0,sym,q3,2899,0.001602509522643057,0.003698593384692039,0.005519144532597447,0.003257009974537159,0.00934096531564218,0.015522593997930321
ml-1m,2,GS-EASE,rp3beta,1.0,sym,q4,1585,0.0,0.0,0.0,0.00040987129013261934,0.0015772870662460567,0.0018927444794952682
ml-1m,2,GS-EASE,rp3beta,1.0,sym,q5,666,0.0,0.0,0.0,0.0,0.0,0.0
ml-1m,2,Lap-EASE,rp3beta,3.0,sym,overall,6004,0.36565453291996997,0.22302854143979028,0.8805796135909394,0.3667434762940376,0.3301162152912625,0.9370419720186542
ml-1m,2,Lap-EASE,rp3beta,3.0,sym,q1,5935,0.38744580892827274,0.28988409753401473,0.8854254422914911,0.40442361772355734,0.42447119360285307,0.9411962931760741
ml-1m,2,Lap-EASE,rp3beta,3.0,sym,q2,4474,0.010171985514540037,0.01811738524825741,0.04067948144836835,0.01825574080902515,0.04251349655345693,0.09968708091193562
ml-1m,2,Lap-EASE,rp3beta,3.0,sym,q3,2899,0.0012248122347157389,0.0028937181403549117,0.004484304932735426,0.0022618188387083927,0.006273646632391027,0.011038289065194894
ml-1m,2,Lap-EASE,rp3beta,3.0,sym,q4,1585,0.0,0.0,0.0,0.0003142324595607772,0.0012618296529968455,0.0012618296529968455
ml-1m,2,Lap-EASE,rp3beta,3.0,sym,q5,666,0.0,0.0,0.0,0.0,0.0,0.0
ml-1m,2,GS-EASE,rp3beta,3.0,sym,overall,6004,0.3656328432361234,0.22299466295384163,0.880413057961359,0.36676468695824727,0.33017589842301526,0.9372085276482345
ml-1m,2,GS-EASE,rp3beta,3.0,sym,q1,5935,0.3874230491387805,0.2898490009884228,0.885256950294861,0.404431108254058,0.42450274262254223,0.9413647851727043
ml-1m,2,GS-EASE,rp3beta,3.0,sym,q2,4474,0.01017182829871153,0.01811738524825741,0.04067948144836835,0.018306299140945673,0.042737010187788624,0.09991059454626733
ml-1m,2,GS-EASE,rp3beta,3.0,sym,q3,2899,0.0012267491093026245,0.0028937181403549117,0.004484304932735426,0.0022637557132952784,0.006273646632391027,0.011038289065194894
ml-1m,2,GS-EASE,rp3beta,3.0,sym,q4,1585,0.0,0.0,0.0,0.0003142324595607772,0.0012618296529968455,0.0012618296529968455
ml-1m,2,GS-EASE,rp3beta,3.0,sym,q5,666,0.0,0.0,0.0,0.0,0.0,0.0
ml-1m,2,Lap-EASE,rp3beta,10.0,sym,overall,6004,0.36436857101409065,0.2203500787499395,0.8769153897401732,0.36259957878118637,0.32300915403175345,0.9332111925383078
ml-1m,2,Lap-EASE,rp3beta,10.0,sym,q1,5935,0.3874034780872193,0.28808530214828043,0.8839090143218197,0.40207676253160063,0.4192635955938033,0.9386689132266217
ml-1m,2,Lap-EASE,rp3beta,10.0,sym,q2,4474,0.00733689617560661,0.013504144379200642,0.029503799731783638,0.013077058646078138,0.031042855710632797,0.07197139025480555
ml-1m,2,Lap-EASE,rp3beta,10.0,sym,q3,2899,0.0005170284287807555,0.0008432026369246101,0.0013797861331493618,0.0013690109432696236,0.0036712166757009806,0.0072438771990341495
ml-1m,2,Lap-EASE,rp3beta,10.0,sym,q4,1585,0.0,0.0,0.0,0.0,0.0,0.0
ml-1m,2,Lap-EASE,rp3beta,10.0,sym,q5,666,0.0,0.0,0.0,0.0,0.0,0.0
ml-1m,2,GS-EASE,rp3beta,10.0,sym,overall,6004,0.36438296111280677,0.22035836916316828,0.8767488341105929,0.36264589331148156,0.3230434098788008,0.9332111925383078
ml-1m,2,GS-EASE,rp3beta,10.0,sym,q1,5935,0.3874064133446488,0.2880607495614266,0.8837405223251895,0.4021016294602579,0.4192638281992504,0.9386689132266217
ml-1m,2,GS-EASE,rp3beta,10.0,sym,q2,4474,0.007345235186535629,0.013504144379200642,0.029503799731783638,0.013150684369820477,0.03128127025391994,0.07241841752346893
ml-1m,2,GS-EASE,rp3beta,10.0,sym,q3,2899,0.0005170284287807555,0.0008432026369246101,0.0013797861331493618,0.0013690109432696236,0.0036712166757009806,0.0072438771990341495
ml-1m,2,GS-EASE,rp3beta,10.0,sym,q4,1585,0.0,0.0,0.0,0.0,0.0,0.0
ml-1m,2,GS-EASE,rp3beta,10.0,sym,q5,666,0.0,0.0,0.0,0.0,0.0,0.0
ml-1m,2,Lap-EASE,binary,0.3,sym,overall,6004,0.3609650829277312,0.22230334491840667,0.8802465023317788,0.3638914972028281,0.3304022421050614,0.9388740839440373
ml-1m,2,Lap-EASE,binary,0.3,sym,q1,5935,0.38158141949650526,0.2870202578855633,0.88424599831508,0.3998850725238325,0.4221881306781642,0.9415332771693344
ml-1m,2,Lap-EASE,binary,0.3,sym,q2,4474,0.011842541986225598,0.02189596104304705,0.05006705409029951,0.021359013438863872,0.050177912370610804,0.12203844434510505
ml-1m,2,Lap-EASE,binary,0.3,sym,q3,2899,0.0018201220955057307,0.004285002491280518,0.006553984132459468,0.0034654431860442958,0.009774853945257534,0.016557433597792343
ml-1m,2,Lap-EASE,binary,0.3,sym,q4,1585,0.0,0.0,0.0,0.0003219691853696461,0.0012618296529968455,0.0012618296529968455
ml-1m,2,Lap-EASE,binary,0.3,sym,q5,666,0.0,0.0,0.0,0.0,0.0,0.0
ml-1m,2,GS-EASE,binary,0.3,sym,overall,6004,0.16778279953314684,0.10217148800158601,0.6310792804796802,0.17448707794959048,0.15942159610290493,0.762491672218521
ml-1m,2,GS-EASE,binary,0.3,sym,q1,5935,0.16898196516100555,0.12689865480859486,0.6134793597304128,0.18235530540939396,0.19759709711043041,0.7459140690817186
ml-1m,2,GS-EASE,binary,0.3,sym,q2,4474,0.021466892547060044,0.032495626613507335,0.10013410818059902,0.03101561924588176,0.05900782115474127,0.17746982565936523
ml-1m,2,GS-EASE,binary,0.3,sym,q3,2899,0.0015428496203824147,0.0022862289678433176,0.005519144532597447,0.002947330391004425,0.006913166554422159,0.01586754053121766
ml-1m,2,GS-EASE,binary,0.3,sym,q4,1585,0.0,0.0,0.0,0.00021581461712014903,0.0006309148264984228,0.0012618296529968455
ml-1m,2,GS-EASE,binary,0.3,sym,q5,666,0.0,0.0,0.0,0.0,0.0,0.0
ml-1m,2,Lap-EASE,binary,1.0,sym,overall,6004,0.3637529101574572,0.22318789986316073,0.881578947368421,0.3657897014203701,0.33075100541791624,0.9377081945369754
ml-1m,2,Lap-EASE,binary,1.0,sym,q1,5935,0.38506597729488706,0.2889675986735847,0.8860994102780118,0.402867135063106,0.4241852099741374,0.9413647851727043
ml-1m,2,Lap-EASE,binary,1.0,sym,q2,4474,0.01075959020916698,0.019997485567003086,0.04447921323200715,0.019636891506194427,0.046821640677493004,0.10818059901654001
ml-1m,2,Lap-EASE,binary,1.0,sym,q3,2899,0.0015143842757001575,0.003583611206929593,0.005174197999310107,0.0025348526809572786,0.0068198119767626485,0.011728182131769576
ml-1m,2,Lap-EASE,binary,1.0,sym,q4,1585,0.0,0.0,0.0,0.0003116894310390869,0.0012618296529968455,0.0012618296529968455
ml-1m,2,Lap-EASE,binary,1.0,sym,q5,666,0.0,0.0,0.0,0.0,0.0,0.0
ml-1m,2,GS-EASE,binary,1.0,sym,overall,6004,0.09879052488241157,0.05140503866554678,0.43087941372418387,0.10241745309338868,0.08635315316676309,0.568454363757495
ml-1m,2,GS-EASE,binary,1.0,sym,q1,5935,0.09738696014380485,0.06459484331612804,0.4128053917438922,0.10482436978821652,0.10857447115696546,0.5447346251053075
ml-1m,2,GS-EASE,binary,1.0,sym,q2,4474,0.015088706373829665,0.02230076590326389,0.0735359856951274,0.022003490706516464,0.04152970513747211,0.135225748770675
ml-1m,2,GS-EASE,binary,1.0,sym,q3,2899,0.0011008785744991147,0.0018052201908704151,0.0034494653328734047,0.002117970044063309,0.004878529542206672,0.011383235598482234
ml-1m,2,GS-EASE,binary,1.0,sym,q4,1585,0.0001220355858784043,0.0003154574132492114,0.0006309148264984228,0.0003843042078123031,0.0012618296529968455,0.0018927444794952682
ml-1m,2,GS-EASE,binary,1.0,sym,q5,666,0.0,0.0,0.0,0.0,0.0,0.0
ml-1m,2,Lap-EASE,binary,3.0,sym,overall,6004,0.36612595967540446,0.22291040522394684,0.8800799467021986,0.36697249276206034,0.3299839540435797,0.9368754163890739
ml-1m,2,Lap-EASE,binary,3.0,sym,q1,5935,0.3887073727373529,0.2901048913059396,0.8855939342881213,0.40577248555611944,0.4257124004677608,0.9417017691659646
ml-1m,2,Lap-EASE,binary,3.0,sym,q2,4474,0.008525394188553938,0.01597366593642963,0.03419758605274922,0.01650108705397584,0.04055687792812823,0.09074653553866786
ml-1m,2,Lap-EASE,binary,3.0,sym,q3,2899,0.0009300250618214876,0.0021463339848990072,0.003104518799586064,0.001972276857774125,0.00567437047257675,0.008968609865470852
ml-1m,2,Lap-EASE,binary,3.0,sym,q4,1585,0.0,0.0,0.0,0.0,0.0,0.0
ml-1m,2,Lap-EASE,binary,3.0,sym,q5,666,0.0,0.0,0.0,0.0,0.0,0.0
ml-1m,2,GS-EASE,binary,3.0,sym,overall,6004,0.09243633582979661,0.044223878791208426,0.4092271818787475,0.09363232800902849,0.07469121087024938,0.5301465689540307
ml-1m,2,GS-EASE,binary,3.0,sym,q1,5935,0.09177088255738759,0.057909025994273805,0.3941027801179444,0.09615351657767625,0.09560561172721929,0.5078348778433024
ml-1m,2,GS-EASE,binary,3.0,sym,q2,4474,0.013267609174739414,0.020013983310231947,0.06750111756817166,0.020279618131467645,0.03936367033441034,0.1274027715690657
ml-1m,2,GS-EASE,binary,3.0,sym,q3,2899,0.0010737881108608591,0.0018167184086466598,0.0037944118661607453,0.0017032182410943112,0.003745955091246571,0.008968609865470852
ml-1m,2,GS-EASE,binary,3.0,sym,q4,1585,0.0,0.0,0.0,0.0003766664797383332,0.0012618296529968455,0.0018927444794952682
ml-1m,2,GS-EASE,binary,3.0,sym,q5,666,0.0,0.0,0.0,0.0,0.0,0.0
ml-1m,2,Lap-EASE,binary,10.0,sym,overall,6004,0.3642595760064765,0.2191566617780301,0.8735842771485676,0.36256354674989205,0.322683234209291,0.9332111925383078
ml-1m,2,Lap-EASE,binary,10.0,sym,q1,5935,0.3880470959380918,0.28696670891768566,0.8808761583824768,0.403344208164323,0.4204862746431888,0.9393428812131424
ml-1m,2,Lap-EASE,binary,10.0,sym,q2,4474,0.0054137125068676175,0.010510693221462005,0.02056325435851587,0.010218195155121266,0.025400187479973167,0.05386678587393831
ml-1m,2,Lap-EASE,binary,10.0,sym,q3,2899,0.0002420439856131556,0.0003832739258748228,0.0006898930665746809,0.0007774088276588151,0.002261316162661454,0.0034494653328734047
ml-1m,2,Lap-EASE,binary,10.0,sym,q4,1585,0.0,0.0,0.0,0.0,0.0,0.0
ml-1m,2,Lap-EASE,binary,10.0,sym,q5,666,0.0,0.0,0.0,0.0,0.0,0.0
ml-1m,2,GS-EASE,binary,10.0,sym,overall,6004,0.11390385768655381,0.054687775019913586,0.47385076615589605,0.11244818540668775,0.0870610347881659,0.5801132578281146
ml-1m,2,GS-EASE,binary,10.0,sym,q1,5935,0.11560403393720124,0.07303005508698789,0.4611625947767481,0.11818549949998508,0.11383498274184478,0.5625947767481044
ml-1m,2,GS-EASE,binary,10.0,sym,q2,4474,0.012814122900074415,0.02117871270111769,0.06683057666517657,0.020765861352594055,0.04266473391204924,0.135225748770675
ml-1m,2,GS-EASE,binary,10.0,sym,q3,2899,0.0006185027726275415,0.0009888467287570426,0.0017247326664367024,0.001568591920427122,0.004062703614273121,0.008278716798896172
ml-1m,2,GS-EASE,binary,10.0,sym,q4,1585,0.0002103049421661409,0.0006309148264984228,0.0006309148264984228,0.00029837773324800236,0.0009463722397476341,0.0012618296529968455
ml-1m,2,GS-EASE,binary,10.0,sym,q5,666,0.0,0.0,0.0,0.0,0.0,0.0
ml-1m,2,Lap-EASE,itemknn,0.3,sym,overall,6004,0.3610421025038298,0.22239151321391415,0.880413057961359,0.3638833245675308,0.3305293053377963,0.938707528314457
ml-1m,2,Lap-EASE,itemknn,0.3,sym,q1,5935,0.38152384814140355,0.286960521170702,0.8840775063184498,0.39975192606947496,0.42220375622449646,0.9413647851727043
ml-1m,2,Lap-EASE,itemknn,0.3,sym,q2,4474,0.012003619095099888,0.022098452726098856,0.051408135896289675,0.021567376420766025,0.05055510599258727,0.124273580688422
ml-1m,2,Lap-EASE,itemknn,0.3,sym,q3,2899,0.0018272966459896155,0.004285002491280518,0.006553984132459468,0.0035545188460939007,0.00995037085778315,0.017247326664367024
ml-1m,2,Lap-EASE,itemknn,0.3,sym,q4,1585,0.0,0.0,0.0,0.0004167976745017385,0.0015772870662460567,0.0018927444794952682
ml-1m,2,Lap-EASE,itemknn,0.3,sym,q5,666,0.0,0.0,0.0,0.0,0.0,0.0
ml-1m,2,GS-EASE,itemknn,0.3,sym,overall,6004,0.3443042680991974,0.21507033743746315,0.8765822784810127,0.34796407575787175,0.31960759752971296,0.9400399733510992
ml-1m,2,GS-EASE,itemknn,0.3,sym,q1,5935,0.35807628892925436,0.2719859977544983,0.8759898904802021,0.3748838299757024,0.3995322840209295,0.9385004212299916
ml-1m,2,GS-EASE,itemknn,0.3,sym,q2,4474,0.02139470598018228,0.03493667420582157,0.09074653553866786,0.03525506430598446,0.07585597395581836,0.19646848457755922
ml-1m,2,GS-EASE,itemknn,0.3,sym,q3,2899,0.004742883430338627,0.00909988118508298,0.015522593997930321,0.008045408248575164,0.019912952898972422,0.03587443946188341
ml-1m,2,GS-EASE,itemknn,0.3,sym,q4,1585,0.0011686950974644917,0.002523659305993691,0.0031545741324921135,0.0016139583331976444,0.004227129337539433,0.0056782334384858045
ml-1m,2,GS-EASE,itemknn,0.3,sym,q5,666,0.0005005005005005005,0.0015015015015015015,0.0015015015015015015,0.0005005005005005005,0.0015015015015015015,0.0015015015015015015
ml-1m,2,Lap-EASE,itemknn,1.0,sym,overall,6004,0.3638724868504659,0.22323533584937447,0.8807461692205196,0.3656982658042465,0.3310672879020478,0.938707528314457
ml-1m,2,Lap-EASE,itemknn,1.0,sym,q1,5935,0.38479338092878296,0.28880557436687604,0.8850884582982308,0.40225658900425115,0.42385788313230666,0.9417017691659646
ml-1m,2,Lap-EASE,itemknn,1.0,sym,q2,4474,0.011266701167656712,0.02022823686498586,0.047608404112650875,0.02052377778070109,0.04832642267631297,0.11354492624050067
ml-1m,2,Lap-EASE,itemknn,1.0,sym,q3,2899,0.0016049523754877988,0.003756084473573263,0.005864091065884788,0.003097331851724489,0.00882354551571117,0.01483270093135564
ml-1m,2,Lap-EASE,itemknn,1.0,sym,q4,1585,0.0,0.0,0.0,0.0003142324595607772,0.0012618296529968455,0.0012618296529968455
ml-1m,2,Lap-EASE,itemknn,1.0,sym,q5,666,0.0,0.0,0.0,0.0,0.0,0.0
ml-1m,2,GS-EASE,itemknn,1.0,sym,overall,6004,0.2736169089857797,0.1714005132401063,0.818454363757495,0.28067113141435707,0.2648170417171164,0.9032311792138574
ml-1m,2,GS-EASE,itemknn,1.0,sym,q1,5935,0.27292370709155445,0.20884649363645635,0.8030328559393429,0.2908558047336806,0.32057266497679565,0.8950294860994102
ml-1m,2,GS-EASE,itemknn,1.0,sym,q2,4474,0.03573988596569894,0.05446056264346032,0.15377738042020564,0.04961692963339208,0.09528764212221855,0.2597228430934287
ml-1m,2,GS-EASE,itemknn,1.0,sym,q3,2899,0.009829123552716923,0.018149120216516684,0.03656433252845809,0.015803895236603922,0.03685694654938346,0.07657813038978958
ml-1m,2,GS-EASE,itemknn,1.0,sym,q4,1585,0.002915446993612188,0.004516298633017876,0.007570977917981073,0.004932540816457619,0.011513717617818565,0.017665615141955835
ml-1m,2,GS-EASE,itemknn,1.0,sym,q5,666,0.0009238021844639057,0.0022522522522522522,0.003003003003003003,0.0011445834767558128,0.003003003003003003,0.0045045045045045045
ml-1m,2,Lap-EASE,itemknn,3.0,sym,overall,6004,0.36550554801385904,0.22261813805431988,0.8809127248501,0.36664675513897454,0.3297740591041977,0.9365423051299134
ml-1m,2,Lap-EASE,itemknn,3.0,sym,q1,5935,0.3874717620475097,0.28950056065907975,0.8859309182813816,0.40462815506648436,0.42444456579603745,0.941027801179444
ml-1m,2,Lap-EASE,itemknn,3.0,sym,q2,4474,0.009756875626100638,0.017384591472822595,0.04112650871703174,0.01782292903945001,0.041861969002420424,0.09968708091193562
ml-1m,2,Lap-EASE,itemknn,3.0,sym,q3,2899,0.001112214486955496,0.002548771607067571,0.004139358399448086,0.0021419172235969605,0.005982358448726161,0.010348395998620214
ml-1m,2,Lap-EASE,itemknn,3.0,sym,q4,1585,0.0,0.0,0.0,0.0001577287066246057,0.0006309148264984228,0.0006309148264984228
ml-1m,2,Lap-EASE,itemknn,3.0,sym,q5,666,0.0,0.0,0.0,0.0,0.0,0.0
ml-1m,2,GS-EASE,itemknn,3.0,sym,overall,6004,0.2041366967061829,0.1234694185414808,0.7226848767488341,0.21077963516438067,0.19895420570753417,0.8302798134576949
ml-1m,2,GS-EASE,itemknn,3.0,sym,q1,5935,0.19265999466790087,0.1455015122152635,0.6925021061499579,0.20777297021800684,0.23286557991367363,0.8079191238416176
ml-1m,2,GS-EASE,itemknn,3.0,sym,q2,4474,0.0435397249897237,0.06298753780628177,0.1823871256146625,0.05774001684908664,0.10660313460061871,0.28810907465355384
ml-1m,2,GS-EASE,itemknn,3.0,sym,q3,2899,0.013882688467064589,0.02424089146026464,0.053811659192825115,0.02070910460182806,0.0448083594410875,0.10210417385305277
ml-1m,2,GS-EASE,itemknn,3.0,sym,q4,1585,0.004841979334780093,0.00794979993718164,0.0138801261829653,0.007730544370245171,0.017376718969778902,0.030914826498422712
ml-1m,2,GS-EASE,itemknn,3.0,sym,q5,666,0.001043160181150126,0.0022522522522522522,0.003003003003003003,0.002486413530211512,0.007882882882882882,0.010510510510510511
ml-1m,2,Lap-EASE,itemknn,10.0,sym,overall,6004,0.3632806327747149,0.219007258351323,0.8749167221852099,0.36187956096807006,0.32225604918239814,0.9327115256495669
ml-1m,2,Lap-EASE,itemknn,10.0,sym,q1,5935,0.38626151277079673,0.286616381953088,0.8823925863521482,0.4013917528944756,0.41866517177498586,0.9381634372367312
ml-1m,2,Lap-EASE,itemknn,10.0,sym,q2,4474,0.006783226143763308,0.012218683370703856,0.028609745194456863,0.012415437899984323,0.02935514554675336,0.07152436298614215
ml-1m,2,Lap-EASE,itemknn,10.0,sym,q3,2899,0.0005170284287807555,0.0008432026369246101,0.0013797861331493618,0.0012860850684338469,0.003441252320176087,0.006553984132459468
ml-1m,2,Lap-EASE,itemknn,10.0,sym,q4,1585,0.0,0.0,0.0,0.0,0.0,0.0
ml-1m,2,Lap-EASE,itemknn,10.0,sym,q5,666,0.0,0.0,0.0,0.0,0.0,0.0
ml-1m,2,GS-EASE,itemknn,10.0,sym,overall,6004,0.19454508862486872,0.1176374286685891,0.7055296469020653,0.20147821464479232,0.18949741355749222,0.8171219187208527
ml-1m,2,GS-EASE,itemknn,10.0,sym,q1,5935,0.18091390492456155,0.13853173731414983,0.6695871946082561,0.1959472665127682,0.2206042777990924,0.7892165122156698
ml-1m,2,GS-EASE,itemknn,10.0,sym,q2,4474,0.044955588396358805,0.0625799192931051,0.18864550737594993,0.059770888304856995,0.10794055478461224,0.2959320518551632
ml-1m,2,GS-EASE,itemknn,10.0,sym,q3,2899,0.01440860536254484,0.023798354617244877,0.05829596412556054,0.021593143378277793,0.046079238663177424,0.10762331838565023
ml-1m,2,GS-EASE,itemknn,10.0,sym,q4,1585,0.004291071454114464,0.007029715815204774,0.0138801261829653,0.007100028825287726,0.015838762972043726,0.032176656151419555
ml-1m,2,GS-EASE,itemknn,10.0,sym,q5,666,0.0009313443088297494,0.0022522522522522522,0.003003003003003003,0.002964305742023045,0.010135135135135136,0.013513513513513514
ml-1m,3,EASE,,0.0,,overall,6013,0.35706225986659396,0.21893095713123753,0.8726093464160984,0.35794709456288604,0.3234195007622611,0.9248295360053218
ml-1m,3,EASE,,0.0,,q1,5943,0.3775981492066603,0.28245090118293675,0.8768298838970217,0.3934147537746468,0.4121176630744462,0.9276459700487969
ml-1m,3,EASE,,0.0,,q2,4400,0.013381095261004788,0.02393561338061657,0.060454545454545455,0.023523328930981996,0.054508267336010253,0.13045454545454546
ml-1m,3,EASE,,0.0,,q3,2896,0.0012368417580338948,0.0028117600631412786,0.004834254143646409,0.002928341513667897,0.008437746645619573,0.014157458563535912
ml-1m,3,EASE,,0.0,,q4,1678,0.0005550180183110073,0.0010429082240762813,0.0017878426698450535,0.0005550180183110073,0.0010429082240762813,0.0017878426698450535
ml-1m,3,EASE,,0.0,,q5,698,0.0,0.0,0.0,0.0,0.0,0.0
ml-1m,3,Lap-EASE,rp3beta,0.3,sym,overall,6013,0.3584566249265017,0.2192895682609186,0.8719441210710128,0.3595449189750497,0.3242274310622097,0.9259936803592217
ml-1m,3,Lap-EASE,rp3beta,0.3,sym,q1,5943,0.37914350494574145,0.2831192491916401,0.8764933535251557,0.3953455581150644,0.4137580251144203,0.9293286219081273
ml-1m,3,Lap-EASE,rp3beta,0.3,sym,q2,4400,0.0132072156588463,0.02378744213740069,0.05931818181818182,0.022951930811207107,0.05299445297372621,0.12863636363636363
ml-1m,3,Lap-EASE,rp3beta,0.3,sym,q3,2896,0.0010692343828785796,0.0022938042620363063,0.004143646408839779,0.0027337579943282285,0.007804689555380163,0.013121546961325966
ml-1m,3,Lap-EASE,rp3beta,0.3,sym,q4,1678,0.0005550180183110073,0.0010429082240762813,0.0017878426698450535,0.0005550180183110073,0.0010429082240762813,0.0017878426698450535
ml-1m,3,Lap-EASE,rp3beta,0.3,sym,q5,698,0.0,0.0,0.0,0.0,0.0,0.0
ml-1m,3,GS-EASE,rp3beta,0.3,sym,overall,6013,0.3584319373191575,0.21928722591815422,0.8719441210710128,0.35952865046083665,0.32422549726760186,0.9259936803592217
ml-1m,3,GS-EASE,rp3beta,0.3,sym,q1,5943,0.3791184021465944,0.2831153360477812,0.8764933535251557,0.3953280692875452,0.4137550730936144,0.9293286219081273
ml-1m,3,GS-EASE,rp3beta,0.3,sym,q2,4400,0.0132072156588463,0.02378744213740069,0.05931818181818182,0.022952154044362683,0.05299445297372621,0.12863636363636363
ml-1m,3,GS-EASE,rp3beta,0.3,sym,q3,2896,0.0010692343828785796,0.0022938042620363063,0.004143646408839779,0.0027337579943282285,0.007804689555380163,0.013121546961325966
ml-1m,3,GS-EASE,rp3beta,0.3,sym,q4,1678,0.0005550180183110073,0.0010429082240762813,0.0017878426698450535,0.0005550180183110073,0.0010429082240762813,0.0017878426698450535
ml-1m,3,GS-EASE,rp3beta,0.3,sym,q5,698,0.0,0.0,0.0,0.0,0.0,0.0
ml-1m,3,Lap-EASE,rp3beta,1.0,sym,overall,6013,0.3605483244407377,0.2198915306179167,0.8717778147347414,0.3616153248621892,0.325533856493397,0.9253284550141361
ml-1m,3,Lap-EASE,rp3beta,1.0,sym,q1,5943,0.3818031173751478,0.2844816588254196,0.8764933535251557,0.3982566951160586,0.416376398956643,0.9293286219081273
ml-1m,3,Lap-EASE,rp3beta,1.0,sym,q2,4400,0.012274156887615292,0.02248452962000419,0.05590909090909091,0.02145618555163408,0.04989931756642144,0.12090909090909091
ml-1m,3,Lap-EASE,rp3beta,1.0,sym,q3,2896,0.001019007520733361,0.0022074782951854773,0.004143646408839779,0.0024500844174882336,0.006929919757958431,0.011740331491712707
ml-1m,3,Lap-EASE,rp3beta,1.0,sym,q4,1678,0.0005550180183110073,0.0010429082240762813,0.0017878426698450535,0.0005550180183110073,0.0010429082240762813,0.0017878426698450535
ml-1m,3,Lap-EASE,rp3beta,1.0,sym,q5,698,0.0,0.0,0.0,0.0,0.0,0.0
ml-1m,3,GS-EASE,rp3beta,1.0,sym,overall,6013,0.3605257191424905,0.21986607151337503,0.87161150839847,0.3616152057554397,0.325524617252493,0.9253284550141361
ml-1m,3,GS-EASE,rp3beta,1.0,sym,q1,5943,0.3817773729109343,0.2844472031534175,0.8763250883392226,0.39825634004112115,0.4163683092842424,0.9293286219081273
ml-1m,3,GS-EASE,rp3beta,1.0,sym,q2,4400,0.012278830877152381,0.02248452962000419,0.05590909090909091,0.021461446878901665,0.04989931756642144,0.12090909090909091
ml-1m,3,GS-EASE,rp3beta,1.0,sym,q3,2896,0.001019007520733361,0.0022074782951854773,0.004143646408839779,0.0024500844174882336,0.006929919757958431,0.011740331491712707
ml-1m,3,GS-EASE,rp3beta,1.0,sym,q4,1678,0.0005550180183110073,0.0010429082240762813,0.0017878426698450535,0.0005550180183110073,0.0010429082240762813,0.0017878426698450535
ml-1m,3,GS-EASE,rp3beta,1.0,sym,q5,698,0.0,0.0,0.0,0.0,0.0,0.0
ml-1m,3,Lap-EASE,rp3beta,3.0,sym,overall,6013,0.3622271494654438,0.21927463686704765,0.8682853816730417,0.36272065858317365,0.3252350400533089,0.9266589057043073
ml-1m,3,Lap-EASE,rp3beta,3.0,sym,q1,5943,0.3842721699735222,0.2845674352269349,0.8734645801783611,0.40039299169413534,0.4174145640082032,0.9310112737674575
ml-1m,3,Lap-EASE,rp3beta,3.0,sym,q2,4400,0.01037148434303041,0.01887137162475707,0.04522727272727273,0.019038292136868824,0.04498921186757751,0.10477272727272727
ml-1m,3,Lap-EASE,rp3beta,3.0,sym,q3,2896,0.0008565216925387876,0.0018621744277821624,0.003453038674033149,0.0019299980614934044,0.005318501710076295,0.008977900552486187
ml-1m,3,Lap-EASE,rp3beta,3.0,sym,q4,1678,0.0004493926984158657,0.0007449344457687723,0.0011918951132300357,0.0005513194469663532,0.0010429082240762813,0.0017878426698450535
ml-1m,3,Lap-EASE,rp3beta,3.0,sym,q5,698,0.0,0.0,0.0,0.0,0.0,0.0
ml-1m,3,GS-EASE,rp3beta,3.0,sym,overall,6013,0.36226493541998245,0.21929819185484678,0.8682853816730417,0.3627251077780643,0.3252298132827403,0.9266589057043073
ml-1m,3,GS-EASE,rp3beta,3.0,sym,q1,5943,0.3843124199639635,0.2846002433427819,0.8734645801783611,0.4003974830305938,0.4174065935520275,0.9310112737674575
ml-1m,3,GS-EASE,rp3beta,3.0,sym,q2,4400,0.01037148434303041,0.01887137162475707,0.04522727272727273,0.019040842651255413,0.04498921186757751,0.10477272727272727
ml-1m,3,GS-EASE,rp3beta,3.0,sym,q3,2896,0.0008565216925387876,0.0018621744277821624,0.003453038674033149,0.001931845249988492,0.005318501710076295,0.008977900552486187
ml-1m,3,GS-EASE,rp3beta,3.0,sym,q4,1678,0.0004493926984158657,0.0007449344457687723,0.0011918951132300357,0.0005513194469663532,0.0010429082240762813,0.0017878426698450535
ml-1m,3,GS-EASE,rp3beta,3.0,sym,q5,698,0.0,0.0,0.0,0.0,0.0,0.0
ml-1m,3,Lap-EASE,rp3beta,10.0,sym,overall,6013,0.3575108188073264,0.2133383387460942,0.8644603359387992,0.356336530543377,0.3165783288548063,0.9220023282887078
ml-1m,3,Lap-EASE,rp3beta,10.0,sym,q1,5943,0.3802684578392728,0.2791664791321859,0.8716136631330977,0.3949422633525396,0.4097016742238601,0.927982500420663
ml-1m,3,Lap-EASE,rp3beta,10.0,sym,q2,4400,0.00726771658331389,0.013012802710973161,0.02931818181818182,0.013875792307342507,0.03309632143987309,0.07522727272727273
ml-1m,3,Lap-EASE,rp3beta,10.0,sym,q3,2896,0.0004727900477968312,0.0009989147592738754,0.0024171270718232043,0.0014592739559490706,0.004253814785582742,0.007596685082872928
ml-1m,3,Lap-EASE,rp3beta,10.0,sym,q4,1678,0.0,0.0,0.0,0.00016623536689578658,0.0005959475566150178,0.0005959475566150178
ml-1m,3,Lap-EASE,rp3beta,10.0,sym,q5,698,0.0,0.0,0.0,0.0,0.0,0.0
ml-1m,3,GS-EASE,rp3beta,10.0,sym,overall,6013,0.357496261704292,0.21328569548391815,0.8644603359387992,0.3564063750654245,0.3167132619214557,0.9221686346249792
ml-1m,3,GS-EASE,rp3beta,10.0,sym,q1,5943,0.3802562625572331,0.27908847895640604,0.8716136631330977,0.3950305354939281,0.40992706809106344,0.928150765606596
ml-1m,3,GS-EASE,rp3beta,10.0,sym,q2,4400,0.007269719330608509,0.013012802710973161,0.02931818181818182,0.013883064479707347,0.03309632143987309,0.07522727272727273
ml-1m,3,GS-EASE,rp3beta,10.0,sym,q3,2896,0.0004776329480833222,0.0009989147592738754,0.0024171270718232043,0.0014658375118474878,0.004253814785582742,0.007596685082872928
ml-1m,3,GS-EASE,rp3beta,10.0,sym,q4,1678,0.0,0.0,0.0,0.00016623536689578658,0.0005959475566150178,0.0005959475566150178
ml-1m,3,GS-EASE,rp3beta,10.0,sym,q5,698,0.0,0.0,0.0,0.0,0.0,0.0
ml-1m,3,Lap-EASE,binary,0.3,sym,overall,6013,0.35835033827553653,0.21893341700377245,0.8719441210710128,0.359596852266766,0.3241354937236086,0.9256610676866789
ml-1m,3,Lap-EASE,binary,0.3,sym,q1,5943,0.37921356733333883,0.28278728682563226,0.8764933535251557,0.3955815467313262,0.4138313936729617,0.9291603567221942
ml-1m,3,Lap-EASE,binary,0.3,sym,q2,4400,0.012842799295866394,0.023024585948721588,0.05795454545454545,0.0227463843682714,0.05276037705842499,0.12772727272727272
ml-1m,3,Lap-EASE,binary,0.3,sym,q3,2896,0.0010469767933760257,0.0022938042620363063,0.004143646408839779,0.002674402435426292,0.007689588266245725,0.012776243093922652
ml-1m,3,Lap-EASE,binary,0.3,sym,q4,1678,0.0005550180183110073,0.0010429082240762813,0.0017878426698450535,0.0005550180183110073,0.0010429082240762813,0.0017878426698450535
ml-1m,3,Lap-EASE,binary,0.3,sym,q5,698,0.0,0.0,0.0,0.0,0.0,0.0
ml-1m,3,GS-EASE,binary,0.3,sym,overall,6013,0.1627927531821194,0.09857996835004268,0.6204889406286379,0.16912862434289255,0.15351929945989556,0.7445534674871113
ml-1m,3,GS-EASE,binary,0.3,sym,q1,5943,0.16369212122384058,0.12284930810241636,0.6013797745246509,0.17659386402073007,0.1898133504852761,0.7247181558135621
ml-1m,3,GS-EASE,binary,0.3,sym,q2,4400,0.020726412656376484,0.030436708338231918,0.10022727272727272,0.03025511975534461,0.05785864483433865,0.17522727272727273
ml-1m,3,GS-EASE,binary,0.3,sym,q3,2896,0.0015332804579009421,0.002514963167587477,0.0051795580110497235,0.0029953163069308722,0.007119836885030256,0.015193370165745856
ml-1m,3,GS-EASE,binary,0.3,sym,q4,1678,0.00025666064247520447,0.0005959475566150178,0.0005959475566150178,0.000392340170900087,0.0011918951132300357,0.0011918951132300357
ml-1m,3,GS-EASE,binary,0.3,sym,q5,698,0.0,0.0,0.0,0.00037628873214497644,0.0014326647564469914,0.0014326647564469914
ml-1m,3,Lap-EASE,binary,1.0,sym,overall,6013,0.3603496287251258,0.21925753120922004,0.8719441210710128,0.36142343261591126,0.3249309025880602,0.9249958423415933
ml-1m,3,Lap-EASE,binary,1.0,sym,q1,5943,0.3819014802805872,0.2840137967086864,0.8769981490829547,0.3984795688675957,0.41620719058630545,0.9293286219081273
ml-1m,3,Lap-EASE,binary,1.0,sym,q2,4400,0.011546454926630229,0.021204260126751168,0.05272727272727273,0.02059027644488392,0.04824425415188042,0.11636363636363636
ml-1m,3,Lap-EASE,binary,1.0,sym,q3,2896,0.0009840732770515983,0.0022074782951854773,0.004143646408839779,0.0023913500812383784,0.006883879242304656,0.011740331491712707
ml-1m,3,Lap-EASE,binary,1.0,sym,q4,1678,0.0004460344805291327,0.0007449344457687723,0.0011918951132300357,0.0005479612290796203,0.0010429082240762813,0.0017878426698450535
ml-1m,3,Lap-EASE,binary,1.0,sym,q5,698,0.0,0.0,0.0,0.0,0.0,0.0
ml-1m,3,GS-EASE,binary,1.0,sym,overall,6013,0.09526562392510479,0.04919997467176306,0.41460169632462995,0.09916150448320943,0.08329801229190839,0.5524696490936305
ml-1m,3,GS-EASE,binary,1.0,sym,q1,5943,0.09367185490212386,0.06242689936774588,0.39592798250042066,0.10119439552920445,0.10415009138198543,0.5278478882719165
ml-1m,3,GS-EASE,binary,1.0,sym,q2,4400,0.014615359043542879,0.021365243935712187,0.07477272727272727,0.021457202955365438,0.040754534177599264,0.13363636363636364
ml-1m,3,GS-EASE,binary,1.0,sym,q3,2896,0.001153564266725659,0.0019279465930018415,0.004488950276243094,0.002254254077511865,0.005209155485398579,0.012776243093922652
ml-1m,3,GS-EASE,binary,1.0,sym,q4,1678,0.0,0.0,0.0,0.0004590642931034467,0.0017878426698450535,0.0017878426698450535
ml-1m,3,GS-EASE,binary,1.0,sym,q5,698,0.00045195541086780623,0.0014326647564469914,0.0014326647564469914,0.00045195541086780623,0.0014326647564469914,0.0014326647564469914
ml-1m,3,Lap-EASE,binary,3.0,sym,overall,6013,0.3622622607385777,0.21913195021347295,0.8674538499916847,0.36240393436918966,0.3242074262125593,0.9259936803592217
ml-1m,3,Lap-EASE,binary,3.0,sym,q1,5943,0.38486388562149515,0.28506765486515434,0.8739693757361602,0.40078671098195756,0.4173339895732544,0.9306747433955914
ml-1m,3,Lap-EASE,binary,3.0,sym,q2,4400,0.009080900043275568,0.016253481490441604,0.038181818181818185,0.01753565161550042,0.04224635707704899,0.09522727272727273
ml-1m,3,Lap-EASE,binary,3.0,sym,q3,2896,0.0006710351069469584,0.0015168705603788475,0.003107734806629834,0.001566038335500041,0.004357405945803736,0.007596685082872928
ml-1m,3,Lap-EASE,binary,3.0,sym,q4,1678,0.0002979737783075089,0.0005959475566150178,0.0005959475566150178,0.0003509403593969194,0.0007449344457687723,0.0011918951132300357
ml-1m,3,Lap-EASE,binary,3.0,sym,q5,698,0.0,0.0,0.0,0.0,0.0,0.0
ml-1m,3,GS-EASE,binary,3.0,sym,overall,6013,0.08961588407248129,0.04247514951722884,0.3931481789456178,0.09078271099537748,0.07160142079325083,0.5085647763179777
ml-1m,3,GS-EASE,binary,3.0,sym,q1,5943,0.08826476731442659,0.05514005540054459,0.3735487127713276,0.09310173125325785,0.09232716000882807,0.48645465253239106
ml-1m,3,GS-EASE,binary,3.0,sym,q2,4400,0.013413147191620798,0.01999141321537025,0.06954545454545455,0.01977690372804991,0.037734268653882026,0.12568181818181817
ml-1m,3,GS-EASE,binary,3.0,sym,q3,2896,0.0011280838129453432,0.0018128453038674032,0.004488950276243094,0.001988140180561263,0.0044749736911339115,0.010359116022099447
ml-1m,3,GS-EASE,binary,3.0,sym,q4,1678,0.0,0.0,0.0,0.0004477137881205655,0.0017878426698450535,0.0017878426698450535
ml-1m,3,GS-EASE,binary,3.0,sym,q5,698,0.0004141329889941087,0.0014326647564469914,0.0014326647564469914,0.0004141329889941087,0.0014326647564469914,0.0014326647564469914
ml-1m,3,Lap-EASE,binary,10.0,sym,overall,6013,0.35782137427355554,0.21316659056830375,0.8629635789123565,0.3565521795150674,0.31669364834557,0.9226675536337935
ml-1m,3,Lap-EASE,binary,10.0,sym,q1,5943,0.3812378377679822,0.27979332894630515,0.8704358068315665,0.3963896577928703,0.4116950982342065,0.9294968870940602
ml-1m,3,Lap-EASE,binary,10.0,sym,q2,4400,0.0057964534360568755,0.011385152294542247,0.022954545454545453,0.011042691414700476,0.02759986621615101,0.05954545454545455
ml-1m,3,Lap-EASE,binary,10.0,sym,q3,2896,0.00016355382780941258,0.00030830702446724546,0.0010359116022099447,0.0009397562626681559,0.002984411996842936,0.0055248618784530384
ml-1m,3,Lap-EASE,binary,10.0,sym,q4,1678,0.0,0.0,0.0,0.00014898688915375446,0.0005959475566150178,0.0005959475566150178
ml-1m,3,Lap-EASE,binary,10.0,sym,q5,698,0.0,0.0,0.0,0.0,0.0,0.0
ml-1m,3,GS-EASE,binary,10.0,sym,overall,6013,0.11135174362521469,0.0534313974736729,0.45883918177282557,0.11021715337171188,0.08556644732040654,0.5742557791451854
ml-1m,3,GS-EASE,binary,10.0,sym,q1,5943,0.11211261699916453,0.07129583944913528,0.4442200908632004,0.11528153989556919,0.11176860744848438,0.5529194009759381
ml-1m,3,GS-EASE,binary,10.0,sym,q2,4400,0.013558120606563999,0.021420348275388728,0.07022727272727272,0.020995551120344007,0.04208601258164436,0.1318181818181818
ml-1m,3,GS-EASE,binary,10.0,sym,q3,2896,0.0007777590015106895,0.001553867403314917,0.003798342541436464,0.0013860212485288584,0.0034242633517495395,0.007941988950276244
ml-1m,3,GS-EASE,binary,10.0,sym,q4,1678,0.00017226747694748979,0.0005959475566150178,0.0005959475566150178,0.00031015675773399704,0.0011918951132300357,0.0011918951132300357
ml-1m,3,GS-EASE,binary,10.0,sym,q5,698,0.0,0.0,0.0,0.00037628873214497644,0.0014326647564469914,0.0014326647564469914
ml-1m,3,Lap-EASE,itemknn,0.3,sym,overall,6013,0.3584346130569191,0.21932963555423896,0.8722767337435556,0.3594735664533339,0.32407006186285175,0.9256610676866789
ml-1m,3,Lap-EASE,itemknn,0.3,sym,q1,5943,0.3791166010433101,0.28316965486209833,0.8768298838970217,0.39528389991096685,0.413668709218601,0.9291603567221942
ml-1m,3,Lap-EASE,itemknn,0.3,sym,q2,4400,0.013198519552052866,0.023770026602743775,0.05954545454545455,0.02287355512749282,0.05268414595618235,0.12840909090909092
ml-1m,3,Lap-EASE,itemknn,0.3,sym,q3,2896,0.0010668257195635465,0.0022938042620363063,0.004143646408839779,0.0027323243268578047,0.007804689555380163,0.013121546961325966
ml-1m,3,Lap-EASE,itemknn,0.3,sym,q4,1678,0.0005550180183110073,0.0010429082240762813,0.0017878426698450535,0.0005550180183110073,0.0010429082240762813,0.0017878426698450535
ml-1m,3,Lap-EASE,itemknn,0.3,sym,q5,698,0.0,0.0,0.0,0.0,0.0,0.0
ml-1m,3,GS-EASE,itemknn,0.3,sym,overall,6013,0.3401713049763539,0.2090930009837996,0.8632961915848993,0.3431252234606098,0.3128680117057895,0.9236653916514219
ml-1m,3,GS-EASE,itemknn,0.3,sym,q1,5943,0.3540983760190202,0.26500554498415313,0.8635369342083123,0.3706014514201186,0.3911078245531864,0.9242806663301363
ml-1m,3,GS-EASE,itemknn,0.3,sym,q2,4400,0.022102450543471885,0.0361453814038796,0.1040909090909091,0.03540028687556246,0.07604054415587086,0.19954545454545455
ml-1m,3,GS-EASE,itemknn,0.3,sym,q3,2896,0.003324569005713442,0.006883879242304656,0.012430939226519336,0.006753694531243694,0.018283807230463352,0.03383977900552486
ml-1m,3,GS-EASE,itemknn,0.3,sym,q4,1678,0.0007018013250694877,0.0011918951132300357,0.0017878426698450535,0.0014053467124272364,0.0035614961121516546,0.006555423122765197
ml-1m,3,GS-EASE,itemknn,0.3,sym,q5,698,0.00045195541086780623,0.0014326647564469914,0.0014326647564469914,0.0008282441430127827,0.0028653295128939827,0.0028653295128939827
ml-1m,3,Lap-EASE,itemknn,1.0,sym,overall,6013,0.36050452153327334,0.2199111271867225,0.8714452020621986,0.3615394499182451,0.3256929723891056,0.9256610676866789
ml-1m,3,Lap-EASE,itemknn,1.0,sym,q1,5943,0.38165542229845384,0.28451396434143333,0.8763250883392226,0.3981005380605991,0.41652938833238556,0.9296651522799932
ml-1m,3,Lap-EASE,itemknn,1.0,sym,q2,4400,0.012296197735939629,0.02224446604783369,0.05590909090909091,0.021547992484009813,0.05018049508589582,0.12068181818181818
ml-1m,3,Lap-EASE,itemknn,1.0,sym,q3,2896,0.001015924131168418,0.0022074782951854773,0.004143646408839779,0.0024830113888773624,0.007027384559241625,0.012085635359116022
ml-1m,3,Lap-EASE,itemknn,1.0,sym,q4,1678,0.0005560319160354308,0.0010429082240762813,0.0017878426698450535,0.0005560319160354308,0.0010429082240762813,0.0017878426698450535
ml-1m,3,Lap-EASE,itemknn,1.0,sym,q5,698,0.0,0.0,0.0,0.0,0.0,0.0
ml-1m,3,GS-EASE,itemknn,1.0,sym,overall,6013,0.27243469867976033,0.16953008376641576,0.8072509562614335,0.2782338887692905,0.260751925330867,0.8923998004323965
ml-1m,3,GS-EASE,itemknn,1.0,sym,q1,5943,0.2723495751908694,0.20835589319992756,0.7945482079757699,0.2890018898290763,0.31580338837238314,0.8833922261484098
ml-1m,3,GS-EASE,itemknn,1.0,sym,q2,4400,0.03669594640090468,0.05333716364267434,0.1575,0.05019881801518069,0.09418160201340109,0.25727272727272726
ml-1m,3,GS-EASE,itemknn,1.0,sym,q3,2896,0.0072830335861355944,0.013343269122837117,0.028660220994475138,0.013422710666043029,0.0327386093410051,0.07009668508287292
ml-1m,3,GS-EASE,itemknn,1.0,sym,q4,1678,0.002027185442140401,0.0038594698904591634,0.006555423122765197,0.0032964742155198296,0.008106305692718089,0.013110846245530394
ml-1m,3,GS-EASE,itemknn,1.0,sym,q5,698,0.0015225937547091277,0.004297994269340974,0.004297994269340974,0.0018807599438208755,0.0057306590257879654,0.0057306590257879654
ml-1m,3,Lap-EASE,itemknn,3.0,sym,overall,6013,0.3621472178947772,0.21937173734415052,0.8691169133543988,0.3625095043467292,0.32502414611872493,0.9271578247131216
ml-1m,3,Lap-EASE,itemknn,3.0,sym,q1,5943,0.38420528697713474,0.28478964186564387,0.8746424364798923,0.4001285691256193,0.4172397397833236,0.9315160693252567
ml-1m,3,Lap-EASE,itemknn,3.0,sym,q2,4400,0.010079050138868291,0.01782840286153786,0.04477272727272727,0.018955063152989407,0.04461447097518208,0.10545454545454545
ml-1m,3,Lap-EASE,itemknn,3.0,sym,q3,2896,0.0007277844172051403,0.0015168705603788475,0.003107734806629834,0.0017941598149217438,0.004898010710254517,0.008977900552486187
ml-1m,3,Lap-EASE,itemknn,3.0,sym,q4,1678,0.0002979737783075089,0.0005959475566150178,0.0005959475566150178,0.0004550512298614005,0.0010429082240762813,0.0017878426698450535
ml-1m,3,Lap-EASE,itemknn,3.0,sym,q5,698,0.0,0.0,0.0,0.0,0.0,0.0
ml-1m,3,GS-EASE,itemknn,3.0,sym,overall,6013,0.20335359112791895,0.12298936689084371,0.7048062531182439,0.2108861379714762,0.19912088297011124,0.8245468152336604
ml-1m,3,GS-EASE,itemknn,3.0,sym,q1,5943,0.19241392313674385,0.14593703190463325,0.6760895170789164,0.20839608365668263,0.23311939074959656,0.8019518761568232
ml-1m,3,GS-EASE,itemknn,3.0,sym,q2,4400,0.04424734660961029,0.06125420081335935,0.18659090909090909,0.05862235625846681,0.10538786970016202,0.2918181818181818
ml-1m,3,GS-EASE,itemknn,3.0,sym,q3,2896,0.012088186420973781,0.020606649379977617,0.050759668508287295,0.01900662119253813,0.04258623688393245,0.09668508287292818
ml-1m,3,GS-EASE,itemknn,3.0,sym,q4,1678,0.0032915536112259206,0.005792042681196435,0.010727056019070322,0.005526883124704263,0.013515239230376295,0.021454112038140644
ml-1m,3,GS-EASE,itemknn,3.0,sym,q5,698,0.002177431302762472,0.0057306590257879654,0.0057306590257879654,0.002177431302762472,0.0057306590257879654,0.0057306590257879654
ml-1m,3,Lap-EASE,itemknn,10.0,sym,overall,6013,0.35739150813350057,0.21304191391259766,0.863129885248628,0.35616290608193146,0.3164276185307029,0.9226675536337935
ml-1m,3,Lap-EASE,itemknn,10.0,sym,q1,5943,0.3802231020145591,0.2789483091387517,0.8706040720174996,0.3948334117487443,0.40965572749441376,0.928487295978462
ml-1m,3,Lap-EASE,itemknn,10.0,sym,q2,4400,0.007109122937440298,0.012698233477878376,0.03,0.01359959721434939,0.03242531899619218,0.07568181818181818
ml-1m,3,Lap-EASE,itemknn,10.0,sym,q3,2896,0.0003900859695192753,0.0009125887924230465,0.0020718232044198894,0.0013399274469103634,0.004019949893568678,0.007251381215469613
ml-1m,3,Lap-EASE,itemknn,10.0,sym,q4,1678,0.0,0.0,0.0,0.00015253755948141568,0.0005959475566150178,0.0005959475566150178
ml-1m,3,Lap-EASE,itemknn,10.0,sym,q5,698,0.0,0.0,0.0,0.0,0.0,0.0
ml-1m,3,GS-EASE,itemknn,10.0,sym,overall,6013,0.19370607173907825,0.11610736358616157,0.6923332778978879,0.20069350282078924,0.1892667098639893,0.8109096956594046
ml-1m,3,GS-EASE,itemknn,10.0,sym,q1,5943,0.18010653599299972,0.1370789446782148,0.6594312636715464,0.1950910901152312,0.2193558327148233,0.7837792360760558
ml-1m,3,GS-EASE,itemknn,10.0,sym,q2,4400,0.046579324753459564,0.06300802793542236,0.1943181818181818,0.06151222359371422,0.10928585260131833,0.3040909090909091
ml-1m,3,GS-EASE,itemknn,10.0,sym,q3,2896,0.012559446531234995,0.020990364987950868,0.05421270718232044,0.02026785276042887,0.04520701489334289,0.10773480662983426
ml-1m,3,GS-EASE,itemknn,10.0,sym,q4,1678,0.0032425415966890665,0.005494068902888926,0.010727056019070322,0.005457789280844824,0.01273012347207818,0.02264600715137068
ml-1m,3,GS-EASE,itemknn,10.0,sym,q5,698,0.0020689411575263877,0.0057306590257879654,0.0057306590257879654,0.002175449991713841,0.005881884750079592,0.008595988538681949
ml-1m,4,EASE,,0.0,,overall,6006,0.3602199710712781,0.22263170160415102,0.8736263736263736,0.36241559929929296,0.32716994336340544,0.9302364302364302
ml-1m,4,EASE,,0.0,,q1,5939,0.3802698067910618,0.28410241730312774,0.875736656002694,0.3974861059261437,0.4145021664985619,0.931133187405287
ml-1m,4,EASE,,0.0,,q2,4417,0.01313044221384553,0.025298925136798156,0.056146705908988,0.023172501832056325,0.05490141373994923,0.1353860086031243
ml-1m,4,EASE,,0.0,,q3,2931,0.002115727750993652,0.004821491885734164,0.007505970658478335,0.0038145550024703584,0.010397909667883778,0.018082565677243263
ml-1m,4,EASE,,0.0,,q4,1676,0.0006985399835327961,0.001392203659506762,0.0017899761336515514,0.0010587690582970083,0.002784407319013524,0.0029832935560859188
ml-1m,4,EASE,,0.0,,q5,710,0.0,0.0,0.0,0.0,0.0,0.0
ml-1m,4,Lap-EASE,rp3beta,0.3,sym,overall,6006,0.36230950360228714,0.22358396208469103,0.8742923742923743,0.36412301744759423,0.328270661404138,0.9309024309024309
ml-1m,4,Lap-EASE,rp3beta,0.3,sym,q1,5939,0.38258064897992017,0.28552735574862154,0.8764101700623,0.39957351366414906,0.4163201469148957,0.932143458494696
ml-1m,4,Lap-EASE,rp3beta,0.3,sym,q2,4417,0.012940557181369149,0.025062677345648845,0.05456191985510527,0.02272405343816289,0.05388618259762129,0.1319900384876613
ml-1m,4,Lap-EASE,rp3beta,0.3,sym,q3,2931,0.0021051507166811646,0.004821491885734164,0.007505970658478335,0.0037367150620079225,0.010133900959658078,0.017741385192766974
ml-1m,4,Lap-EASE,rp3beta,0.3,sym,q4,1676,0.0006943779972796126,0.001392203659506762,0.0017899761336515514,0.0010493839222215232,0.002784407319013524,0.0029832935560859188
ml-1m,4,Lap-EASE,rp3beta,0.3,sym,q5,710,0.0,0.0,0.0,0.0,0.0,0.0
ml-1m,4,GS-EASE,rp3beta,0.3,sym,overall,6006,0.36232009647411517,0.22359321209394104,0.8742923742923743,0.36408939760807163,0.3281782439010062,0.9307359307359307
ml-1m,4,GS-EASE,rp3beta,0.3,sym,q1,5939,0.382591526182117,0.2855385809829483,0.8764101700623,0.39952441008994527,0.4161405798494398,0.9319750799797946
ml-1m,4,GS-EASE,rp3beta,0.3,sym,q2,4417,0.012940557181369149,0.025062677345648845,0.05456191985510527,0.022724880503181357,0.05388618259762129,0.1319900384876613
ml-1m,4,GS-EASE,rp3beta,0.3,sym,q3,2931,0.0021051507166811646,0.004821491885734164,0.007505970658478335,0.0037367150620079225,0.010133900959658078,0.017741385192766974
ml-1m,4,GS-EASE,rp3beta,0.3,sym,q4,1676,0.0006943779972796126,0.001392203659506762,0.0017899761336515514,0.0010493839222215232,0.002784407319013524,0.0029832935560859188
ml-1m,4,GS-EASE,rp3beta,0.3,sym,q5,710,0.0,0.0,0.0,0.0,0.0,0.0
ml-1m,4,Lap-EASE,rp3beta,1.0,sym,overall,6006,0.36508713489758776,0.2248267913272967,0.8747918747918748,0.3663473875528795,0.32967558806611524,0.9305694305694305
ml-1m,4,Lap-EASE,rp3beta,1.0,sym,q1,5939,0.3857909060263768,0.28735628292140786,0.8775888196666105,0.4024916062226533,0.41885572093224216,0.9319750799797946
ml-1m,4,Lap-EASE,rp3beta,1.0,sym,q2,4417,0.011885598137711223,0.02326421256254145,0.0491283676703645,0.02137304334840386,0.05119908277735762,0.12225492415666742
ml-1m,4,Lap-EASE,rp3beta,1.0,sym,q3,2931,0.002007189360986068,0.004707765057575401,0.007164790174002047,0.003436635138517734,0.009391427238678729,0.016376663254861822
ml-1m,4,Lap-EASE,rp3beta,1.0,sym,q4,1676,0.0006754022514832141,0.001392203659506762,0.0017899761336515514,0.000885860840309185,0.0021877486077963404,0.002386634844868735
ml-1m,4,Lap-EASE,rp3beta,1.0,sym,q5,710,0.0,0.0,0.0,0.0,0.0,0.0
ml-1m,4,GS-EASE,rp3beta,1.0,sym,overall,6006,0.36508969051706563,0.2248267913272967,0.8747918747918748,0.3663490277808083,0.32968302110926256,0.9305694305694305
ml-1m,4,GS-EASE,rp3beta,1.0,sym,q1,5939,0.3857928890086791,0.28735628292140786,0.8775888196666105,0.40249419469104697,0.4188665970564105,0.9319750799797946
ml-1m,4,GS-EASE,rp3beta,1.0,sym,q2,4417,0.011885598137711223,0.02326421256254145,0.0491283676703645,0.02137327047751675,0.05119908277735762,0.12225492415666742
ml-1m,4,GS-EASE,rp3beta,1.0,sym,q3,2931,0.002007189360986068,0.004707765057575401,0.007164790174002047,0.003436635138517734,0.009391427238678729,0.016376663254861822
ml-1m,4,GS-EASE,rp3beta,1.0,sym,q4,1676,0.0006754022514832141,0.001392203659506762,0.0017899761336515514,0.000885860840309185,0.0021877486077963404,0.002386634844868735
ml-1m,4,GS-EASE,rp3beta,1.0,sym,q5,710,0.0,0.0,0.0,0.0,0.0,0.0
ml-1m,4,Lap-EASE,rp3beta,3.0,sym,overall,6006,0.3680300895240123,0.22501191209092383,0.8766233766233766,0.3679265496068116,0.32941747450034253,0.9304029304029304
ml-1m,4,Lap-EASE,rp3beta,3.0,sym,q1,5939,0.38991833136340054,0.2894413761849801,0.879440983330527,0.4054714381989374,0.42028226184797185,0.9324802155244991
ml-1m,4,Lap-EASE,rp3beta,3.0,sym,q2,4417,0.010222284686992638,0.020630474385750122,0.04324201947022866,0.018556966974033418,0.045674488828298616,0.10504867557165497
ml-1m,4,Lap-EASE,rp3beta,3.0,sym,q3,2931,0.0014139917816216436,0.003219281571379832,0.00511770726714432,0.0029702250245608576,0.008527767981979552,0.013647219379051518
ml-1m,4,Lap-EASE,rp3beta,3.0,sym,q4,1676,0.0006038301225742477,0.001392203659506762,0.0017899761336515514,0.0006738299325418426,0.0015910898965791566,0.0017899761336515514
ml-1m,4,Lap-EASE,rp3beta,3.0,sym,q5,710,0.0,0.0,0.0,0.0,0.0,0.0
ml-1m,4,GS-EASE,rp3beta,3.0,sym,overall,6006,0.36806739389554816,0.22502570331848318,0.8766233766233766,0.3679785056607544,0.3295222969265935,0.9305694305694305
ml-1m,4,GS-EASE,rp3beta,3.0,sym,q1,5939,0.38995717628763843,0.28946136237267134,0.879440983330527,0.4054970088864138,0.42030673792281975,0.9324802155244991
ml-1m,4,GS-EASE,rp3beta,3.0,sym,q2,4417,0.010222284686992638,0.020630474385750122,0.04324201947022866,0.018662911999252203,0.04612728484369368,0.10550147158705003
ml-1m,4,GS-EASE,rp3beta,3.0,sym,q3,2931,0.0014139917816216436,0.003219281571379832,0.00511770726714432,0.0029702250245608576,0.008527767981979552,0.013647219379051518
ml-1m,4,GS-EASE,rp3beta,3.0,sym,q4,1676,0.0006038301225742477,0.001392203659506762,0.0017899761336515514,0.0006738299325418426,0.0015910898965791566,0.0017899761336515514
ml-1m,4,GS-EASE,rp3beta,3.0,sym,q5,710,0.0,0.0,0.0,0.0,0.0,0.0
ml-1m,4,Lap-EASE,rp3beta,10.0,sym,overall,6006,0.36444659399093216,0.2193175294617718,0.8692973692973693,0.3624444890556842,0.3208470773060297,0.9264069264069265
ml-1m,4,Lap-EASE,rp3beta,10.0,sym,q1,5939,0.3876573931573169,0.2849105529151367,0.8743896278834821,0.40121035460748444,0.4119508616918231,0.9291126452264691
ml-1m,4,Lap-EASE,rp3beta,10.0,sym,q2,4417,0.00692969730917903,0.013639096050056098,0.028073352954494,0.013810908606398243,0.0351543525864729,0.07493774054788317
ml-1m,4,Lap-EASE,rp3beta,10.0,sym,q3,2931,0.0005084204669366664,0.0010804048675082452,0.0017059024223814397,0.0020027498673924446,0.006159526246527269,0.009211873080859774
ml-1m,4,Lap-EASE,rp3beta,10.0,sym,q4,1676,0.00011646182875659358,0.00014916467780429595,0.0005966587112171838,0.00019000349891931643,0.0003480509148766905,0.0011933174224343676
ml-1m,4,Lap-EASE,rp3beta,10.0,sym,q5,710,0.0,0.0,0.0,0.0,0.0,0.0
ml-1m,4,GS-EASE,rp3beta,10.0,sym,overall,6006,0.3644635495450536,0.21932421948751135,0.8696303696303697,0.36250641990689086,0.3209613341635317,0.9264069264069265
ml-1m,4,GS-EASE,rp3beta,10.0,sym,q1,5939,0.3876670382424146,0.2849108405165797,0.8745580063983835,0.4012589112458799,0.41201901467818675,0.9291126452264691
ml-1m,4,GS-EASE,rp3beta,10.0,sym,q2,4417,0.006967371617245518,0.013714562052621943,0.028299750962191533,0.01382303962276323,0.0351543525864729,0.07493774054788317
ml-1m,4,GS-EASE,rp3beta,10.0,sym,q3,2931,0.0005084204669366664,0.0010804048675082452,0.0017059024223814397,0.002007199437843052,0.006159526246527269,0.009211873080859774
ml-1m,4,GS-EASE,rp3beta,10.0,sym,q4,1676,0.00011646182875659358,0.00014916467780429595,0.0005966587112171838,0.00024389695859735342,0.0004972155926809864,0.0011933174224343676
ml-1m,4,GS-EASE,rp3beta,10.0,sym,q5,710,0.0,0.0,0.0,0.0,0.0,0.0
ml-1m,4,Lap-EASE,binary,0.3,sym,overall,6006,0.3624120660147762,0.22386874303745424,0.8744588744588745,0.3640631413329829,0.32825537459395787,0.9310689310689311
ml-1m,4,Lap-EASE,binary,0.3,sym,q1,5939,0.38278108177202064,0.28593395491294055,0.8769153056070046,0.3996374666481331,0.41642640516209345,0.9323118370095975
ml-1m,4,Lap-EASE,binary,0.3,sym,q2,4417,0.01275943266992683,0.02490393851266552,0.05410912383971021,0.022446086820556065,0.05357842145253528,0.13085804844917365
ml-1m,4,Lap-EASE,binary,0.3,sym,q3,2931,0.002051599054379325,0.004811457165602508,0.007164790174002047,0.0036189910263711034,0.009914570648209036,0.017400204708290685
ml-1m,4,Lap-EASE,binary,0.3,sym,q4,1676,0.0006713604957415054,0.001392203659506762,0.0017899761336515514,0.0010263664206834162,0.002784407319013524,0.0029832935560859188
ml-1m,4,Lap-EASE,binary,0.3,sym,q5,710,0.0,0.0,0.0,0.0,0.0,0.0
ml-1m,4,GS-EASE,binary,0.3,sym,overall,6006,0.16686900809264116,0.10194007565613952,0.6323676323676324,0.17324573465850715,0.1589168568637782,0.7557442557442557
ml-1m,4,GS-EASE,binary,0.3,sym,q1,5939,0.16867126386466108,0.12689968229308227,0.6166021215692877,0.1814985050595684,0.19637542364595378,0.7401919515069877
ml-1m,4,GS-EASE,binary,0.3,sym,q2,4417,0.021117091230220136,0.03140930719330687,0.09576635725605614,0.03070027707935578,0.05867194082149364,0.1713832918270319
ml-1m,4,GS-EASE,binary,0.3,sym,q3,2931,0.0015057047375040666,0.002938146144389747,0.006482429205049471,0.0031563348472693634,0.00865631629449439,0.017059024223814397
ml-1m,4,GS-EASE,binary,0.3,sym,q4,1676,8.296908085368473e-05,0.00014916467780429595,0.0005966587112171838,8.296908085368473e-05,0.00014916467780429595,0.0005966587112171838
ml-1m,4,GS-EASE,binary,0.3,sym,q5,710,0.0,0.0,0.0,0.0,0.0,0.0
ml-1m,4,Lap-EASE,binary,1.0,sym,overall,6006,0.365060270321799,0.2244591896321593,0.8757908757908758,0.3661112906064967,0.3293195609494517,0.9314019314019314
ml-1m,4,Lap-EASE,binary,1.0,sym,q1,5939,0.38620496028650997,0.28763758530374306,0.879104226300724,0.4025959417336912,0.4184235453250228,0.9326485940394006
ml-1m,4,Lap-EASE,binary,1.0,sym,q2,4417,0.011291735864339417,0.022720246305923057,0.04686438759338918,0.020511385009833946,0.05014741502345346,0.11817976001811184
ml-1m,4,Lap-EASE,binary,1.0,sym,q3,2931,0.0017098097302440704,0.003844779126253026,0.005800068236096895,0.003298498048160992,0.009179785868629265,0.01501194131695667
ml-1m,4,Lap-EASE,binary,1.0,sym,q4,1676,0.0006216069039072543,0.001392203659506762,0.0017899761336515514,0.0008222340648845733,0.0021877486077963404,0.002386634844868735
ml-1m,4,Lap-EASE,binary,1.0,sym,q5,710,0.0,0.0,0.0,0.0,0.0,0.0
ml-1m,4,GS-EASE,binary,1.0,sym,overall,6006,0.0984982989729006,0.05144463432568954,0.42773892773892774,0.10166960034896178,0.08652857635508902,0.5597735597735598
ml-1m,4,GS-EASE,binary,1.0,sym,q1,5939,0.09754208219572671,0.06575681843690329,0.41353763259808046,0.1043204396537815,0.1084753253732858,0.537295841050682
ml-1m,4,GS-EASE,binary,1.0,sym,q2,4417,0.014517438753521874,0.021845056998086938,0.07063617840163007,0.02118019293352866,0.04060429451647798,0.12949966040298846
ml-1m,4,GS-EASE,binary,1.0,sym,q3,2931,0.0011803441403508343,0.0024674106173594402,0.006141248720573183,0.002430948588366685,0.006559004038533209,0.01501194131695667
ml-1m,4,GS-EASE,binary,1.0,sym,q4,1676,0.0,0.0,0.0,0.0002388114829229774,0.0007458233890214797,0.0017899761336515514
ml-1m,4,GS-EASE,binary,1.0,sym,q5,710,0.0,0.0,0.0,0.0,0.0,0.0
ml-1m,4,Lap-EASE,binary,3.0,sym,overall,6006,0.36780420492636134,0.22434780201108462,0.8762903762903763,0.36733403241642976,0.3283719582038453,0.9302364302364302
ml-1m,4,Lap-EASE,binary,3.0,sym,q1,5939,0.39053291921994066,0.2896221280616603,0.8799461188752316,0.40577388421179,0.42027276613255876,0.9328169725543021
ml-1m,4,Lap-EASE,binary,3.0,sym,q2,4417,0.008604382318311022,0.018195256743179875,0.035318089200815035,0.016575610026816824,0.04232882302610329,0.09486076522526601
ml-1m,4,Lap-EASE,binary,3.0,sym,q3,2931,0.0011180323825121824,0.002579161995743367,0.0037529853292391675,0.0025848242050513716,0.00769727543013111,0.011258955987717503
ml-1m,4,Lap-EASE,binary,3.0,sym,q4,1676,0.00011646182875659358,0.00014916467780429595,0.0005966587112171838,0.0004928983078834625,0.001392203659506762,0.0017899761336515514
ml-1m,4,Lap-EASE,binary,3.0,sym,q5,710,0.0,0.0,0.0,0.0,0.0,0.0
ml-1m,4,GS-EASE,binary,3.0,sym,overall,6006,0.09258476947140648,0.0445473798717086,0.40176490176490176,0.09359685523731572,0.07503288734167322,0.518981018981019
ml-1m,4,GS-EASE,binary,3.0,sym,q1,5939,0.09179435139782288,0.05796411825045124,0.3862603131840377,0.09618984314134021,0.09563266872352161,0.5000841892574508
ml-1m,4,GS-EASE,binary,3.0,sym,q2,4417,0.013395733669959681,0.020247992212985254,0.06769300430156215,0.019577582989258043,0.03736174125830532,0.1199909440796921
ml-1m,4,GS-EASE,binary,3.0,sym,q3,2931,0.0012058900780498683,0.0023699304789376436,0.005458887751620608,0.002265965117532464,0.005717425510158365,0.01330603889457523
ml-1m,4,GS-EASE,binary,3.0,sym,q4,1676,0.0,0.0,0.0,0.00018559046431834483,0.0005966587112171838,0.0011933174224343676
ml-1m,4,GS-EASE,binary,3.0,sym,q5,710,0.0,0.0,0.0,0.0,0.0,0.0
ml-1m,4,Lap-EASE,binary,10.0,sym,overall,6006,0.36395556934387385,0.218397791504699,0.8672993672993673,0.36165184587042165,0.31985549527962864,0.9250749250749251
ml-1m,4,Lap-EASE,binary,10.0,sym,q1,5939,0.3878618721662871,0.28426564300784996,0.8733793567940731,0.4016275186421623,0.4123971149120207,0.9292810237413706
ml-1m,4,Lap-EASE,binary,10.0,sym,q2,4417,0.004823921806938567,0.010417433294951973,0.019696626669685306,0.01091659473988389,0.029762242002290756,0.057731491962870723
ml-1m,4,Lap-EASE,binary,10.0,sym,q3,2931,0.0003824845086111917,0.0008529512111907199,0.0010235414534288639,0.001162637318338539,0.003423989862065604,0.005458887751620608
ml-1m,4,Lap-EASE,binary,10.0,sym,q4,1676,0.0,0.0,0.0,6.117729034500112e-05,0.00014916467780429595,0.0005966587112171838
ml-1m,4,Lap-EASE,binary,10.0,sym,q5,710,0.0,0.0,0.0,0.0,0.0,0.0
ml-1m,4,GS-EASE,binary,10.0,sym,overall,6006,0.11479302957986415,0.05499473878271659,0.46287046287046285,0.1134807998826915,0.08879239498759177,0.5799200799200799
ml-1m,4,GS-EASE,binary,10.0,sym,q1,5939,0.11572139769593037,0.07279193928257051,0.4510860414211147,0.11870338090126947,0.11504298751698856,0.5638996464051187
ml-1m,4,GS-EASE,binary,10.0,sym,q2,4417,0.013618005067588463,0.02112573195725675,0.06656101426307448,0.02093844130407386,0.04161941490554538,0.1276884763414082
ml-1m,4,GS-EASE,binary,10.0,sym,q3,2931,0.0007396957711496671,0.0016522883462494519,0.0034118048447628795,0.001858187376210698,0.005339960751936187,0.011258955987717503
ml-1m,4,GS-EASE,binary,10.0,sym,q4,1676,0.0,0.0,0.0,0.00018314244480087575,0.0005966587112171838,0.0011933174224343676
ml-1m,4,GS-EASE,binary,10.0,sym,q5,710,0.0,0.0,0.0,0.0,0.0,0.0
ml-1m,4,Lap-EASE,itemknn,0.3,sym,overall,6006,0.362373411594333,0.2237456956144151,0.8749583749583749,0.3640092541918281,0.3280123831959756,0.9305694305694305
ml-1m,4,Lap-EASE,itemknn,0.3,sym,q1,5939,0.38268346368991035,0.28570412519316746,0.8770836841219061,0.3994597070078689,0.4158703672606264,0.9316383229499916
ml-1m,4,Lap-EASE,itemknn,0.3,sym,q2,4417,0.01287172501658436,0.025040625591652335,0.05456191985510527,0.022688923578104432,0.05395410199993055,0.13244283450305638
ml-1m,4,Lap-EASE,itemknn,0.3,sym,q3,2931,0.0020759748340372502,0.004821491885734164,0.007505970658478335,0.003628207846018999,0.009895074620524677,0.017059024223814397
ml-1m,4,Lap-EASE,itemknn,0.3,sym,q4,1676,0.0006807301131658365,0.001392203659506762,0.0017899761336515514,0.001035736038107747,0.002784407319013524,0.0029832935560859188
ml-1m,4,Lap-EASE,itemknn,0.3,sym,q5,710,0.0,0.0,0.0,0.0,0.0,0.0
ml-1m,4,GS-EASE,itemknn,0.3,sym,overall,6006,0.345726649786621,0.21703404691933836,0.8694638694638694,0.3484480442205953,0.31809404729207785,0.9269064269064269
ml-1m,4,GS-EASE,itemknn,0.3,sym,q1,5939,0.3590993251370021,0.27217100457974,0.8673177302576192,0.37508330900269493,0.39485727734751885,0.9232193972049166
ml-1m,4,GS-EASE,itemknn,0.3,sym,q2,4417,0.02288066274710201,0.03884796059738332,0.10233189947928459,0.03580678888912917,0.0769962154331698,0.19855105275073578
ml-1m,4,GS-EASE,itemknn,0.3,sym,q3,2931,0.004681761574731044,0.009303396099711349,0.016035482770385533,0.007639202601093983,0.018880817332710884,0.03582395087001024
ml-1m,4,GS-EASE,itemknn,0.3,sym,q4,1676,0.0012016024272657325,0.0021877486077963404,0.002386634844868735,0.0019635263455233597,0.005320206841686555,0.0059665871121718375
ml-1m,4,GS-EASE,itemknn,0.3,sym,q5,710,0.0,0.0,0.0,0.0,0.0,0.0
ml-1m,4,Lap-EASE,itemknn,1.0,sym,overall,6006,0.36483743578766265,0.22447874410484814,0.8749583749583749,0.36637267382003147,0.32960329785980846,0.9309024309024309
ml-1m,4,Lap-EASE,itemknn,1.0,sym,q1,5939,0.3856374825762832,0.2873370551759355,0.8779255766964136,0.4024539270381372,0.4185603478535186,0.932143458494696
ml-1m,4,Lap-EASE,itemknn,1.0,sym,q2,4417,0.011842880399607937,0.023227337129469505,0.0491283676703645,0.02136027603288593,0.05131652257085446,0.12270772017206248
ml-1m,4,Lap-EASE,itemknn,1.0,sym,q3,2931,0.0017234094883483108,0.0038548138463846814,0.006141248720573183,0.003399202318267654,0.009391427238678729,0.016376663254861822
ml-1m,4,Lap-EASE,itemknn,1.0,sym,q4,1676,0.0006642224058148767,0.001392203659506762,0.0017899761336515514,0.0008722760422501084,0.0021877486077963404,0.002386634844868735
ml-1m,4,Lap-EASE,itemknn,1.0,sym,q5,710,0.0,0.0,0.0,0.0,0.0,0.0
ml-1m,4,GS-EASE,itemknn,1.0,sym,overall,6006,0.27505763443308173,0.1723406031224642,0.8136863136863137,0.28098917585005323,0.26336658140255276,0.8941058941058941
ml-1m,4,GS-EASE,itemknn,1.0,sym,q1,5939,0.27393994660415966,0.208291626880963,0.7962619969691868,0.29041593323567716,0.3151339287851917,0.880451254419936
ml-1m,4,GS-EASE,itemknn,1.0,sym,q2,4417,0.03660842693368896,0.05373674414809332,0.1550826352728096,0.05076532651471456,0.09684312439285564,0.25718813674439667
ml-1m,4,GS-EASE,itemknn,1.0,sym,q3,2931,0.008700142568413454,0.014846231068708207,0.03411804844762879,0.014102079489977902,0.032021851118166474,0.07164790174002048
ml-1m,4,GS-EASE,itemknn,1.0,sym,q4,1676,0.003287562191259146,0.006622911694510739,0.00954653937947494,0.00511359853829915,0.013127912262757132,0.018496420047732696
ml-1m,4,GS-EASE,itemknn,1.0,sym,q5,710,0.0,0.0,0.0,0.0,0.0,0.0
ml-1m,4,Lap-EASE,itemknn,3.0,sym,overall,6006,0.3678626920855885,0.22452722562394678,0.8762903762903763,0.3678618761575367,0.3290243894466247,0.9297369297369298
ml-1m,4,Lap-EASE,itemknn,3.0,sym,q1,5939,0.3900353653440172,0.2895130698300394,0.879440983330527,0.405471468529617,0.4199667389594696,0.9319750799797946
ml-1m,4,Lap-EASE,itemknn,3.0,sym,q2,4417,0.009884157007711565,0.019486859323020828,0.04188363142404347,0.018419798191359544,0.04515116484656993,0.10572786959474757
ml-1m,4,Lap-EASE,itemknn,3.0,sym,q3,2931,0.0011726878607974855,0.0027630362960605597,0.004776526782668032,0.0028679116522845496,0.008480939288031827,0.013647219379051518
ml-1m,4,Lap-EASE,itemknn,3.0,sym,q4,1676,0.00034515798718116127,0.0006463802704852824,0.0011933174224343676,0.0006375547397887897,0.0015910898965791566,0.0017899761336515514
ml-1m,4,Lap-EASE,itemknn,3.0,sym,q5,710,0.0,0.0,0.0,0.0,0.0,0.0
ml-1m,4,GS-EASE,itemknn,3.0,sym,overall,6006,0.2051930960739562,0.12490722666986759,0.7167832167832168,0.21214440678846114,0.19936811073138133,0.831002331002331
ml-1m,4,GS-EASE,itemknn,3.0,sym,q1,5939,0.19383403717486625,0.14616794222628304,0.6819329853510692,0.2090933417198749,0.2316393638430422,0.8065330863781781
ml-1m,4,GS-EASE,itemknn,3.0,sym,q2,4417,0.04350603424710625,0.060428305545290294,0.18089200815032827,0.057734821086099036,0.10382167652745009,0.2850350916911931
ml-1m,4,GS-EASE,itemknn,3.0,sym,q3,2931,0.01383017158326503,0.021451339015709104,0.05561241896963494,0.0207028128473342,0.04317890652891202,0.10303650631183896
ml-1m,4,GS-EASE,itemknn,3.0,sym,q4,1676,0.005168049083477641,0.010075008523695875,0.014916467780429593,0.00698376525266862,0.01624616433685646,0.024463007159904536
ml-1m,4,GS-EASE,itemknn,3.0,sym,q5,710,0.0,0.0,0.0,0.00020709907136114104,0.0007042253521126761,0.0014084507042253522
ml-1m,4,Lap-EASE,itemknn,10.0,sym,overall,6006,0.36439989041649695,0.21892375997991884,0.8686313686313686,0.3622968541696678,0.3203584984668418,0.9254079254079254
ml-1m,4,Lap-EASE,itemknn,10.0,sym,q1,5939,0.3876249968936545,0.28460112919970326,0.8740528708536791,0.4011299034674485,0.411512426013167,0.9284391311668632
ml-1m,4,Lap-EASE,itemknn,10.0,sym,q2,4417,0.006719805573153441,0.013033015572525073,0.027620556939098935,0.013282467529989116,0.033156227452884476,0.07403214851709305
ml-1m,4,Lap-EASE,itemknn,10.0,sym,q3,2931,0.0005948738506122433,0.001356598593036669,0.0020470829068577278,0.0017986332015832486,0.0054019048765872775,0.008529512111907198
ml-1m,4,Lap-EASE,itemknn,10.0,sym,q4,1676,0.00011646182875659358,0.00014916467780429595,0.0005966587112171838,0.00011646182875659358,0.00014916467780429595,0.0005966587112171838
ml-1m,4,Lap-EASE,itemknn,10.0,sym,q5,710,0.0,0.0,0.0,0.0,0.0,0.0
ml-1m,4,GS-EASE,itemknn,10.0,sym,overall,6006,0.19485280012841055,0.11792023706585408,0.6978021978021978,0.20206869652738,0.18919429838405333,0.8176823176823177
ml-1m,4,GS-EASE,itemknn,10.0,sym,q1,5939,0.1810938012516095,0.1375195443744202,0.6580232362350564,0.196200702312112,0.21773273257326764,0.7886849637986193
ml-1m,4,GS-EASE,itemknn,10.0,sym,q2,4417,0.04549074766249043,0.06148621320546106,0.18904233642743945,0.06084784159995113,0.11005450973364755,0.3004301562146253
ml-1m,4,GS-EASE,itemknn,10.0,sym,q3,2931,0.014145453466860448,0.021682875377217376,0.06073012623677926,0.020665220828906494,0.041590759267478766,0.10337768679631525
ml-1m,4,GS-EASE,itemknn,10.0,sym,q4,1676,0.004663500406042744,0.007509376065461984,0.012529832935560859,0.007481792023301277,0.017269007841800202,0.028042959427207637
ml-1m,4,GS-EASE,itemknn,10.0,sym,q5,710,0.0,0.0,0.0,0.0002612912718545805,0.0007629107981220657,0.0028169014084507044
